Title, Iodine
Comment, 
Date, 19/02/2018 14:33:52 
Operator, 
System Name, Undefined
Wavelength(nm),Baseline,Wavelength(nm),iodine_sample,
500,0.00714,500,0.19751
500.05,0.00712,500.05,0.19793
500.1,0.00711,500.1,0.19788
500.15,0.00709,500.15,0.19811
500.2,0.00707,500.2,0.19812
500.25,0.00706,500.25,0.19816
500.3,0.00704,500.3,0.19841
500.35,0.00702,500.35,0.19816
500.4,0.00701,500.4,0.19826
500.45,0.00699,500.45,0.19816
500.5,0.00698,500.5,0.19845
500.55,0.00698,500.55,0.19842
500.6,0.00698,500.6,0.19833
500.65,0.00698,500.65,0.19857
500.7,0.00699,500.7,0.19872
500.75,0.00699,500.75,0.19869
500.8,0.00699,500.8,0.19885
500.85,0.00699,500.85,0.19885
500.9,0.00699,500.9,0.19876
500.95,0.00699,500.95,0.19871
501,0.00699,501,0.19892
501.05,0.007,501.05,0.19897
501.1,0.007,501.1,0.19906
501.15,0.00699,501.15,0.19929
501.2,0.00698,501.2,0.19953
501.25,0.00697,501.25,0.1995
501.3,0.00695,501.3,0.19964
501.35,0.00694,501.35,0.19948
501.4,0.00693,501.4,0.19945
501.45,0.00692,501.45,0.19965
501.5,0.0069,501.5,0.19957
501.55,0.00689,501.55,0.19976
501.6,0.00688,501.6,0.19968
501.65,0.00687,501.65,0.20001
501.7,0.00685,501.7,0.20012
501.75,0.00684,501.75,0.20024
501.8,0.00684,501.8,0.20041
501.85,0.00684,501.85,0.20036
501.9,0.00684,501.9,0.20028
501.95,0.00685,501.95,0.20018
502,0.00685,502,0.19999
502.05,0.00685,502.05,0.20003
502.1,0.00685,502.1,0.20029
502.15,0.00685,502.15,0.2003
502.2,0.00685,502.2,0.20054
502.25,0.00686,502.25,0.20067
502.3,0.00686,502.3,0.20117
502.35,0.00686,502.35,0.20118
502.4,0.00686,502.4,0.20107
502.45,0.00685,502.45,0.20089
502.5,0.00684,502.5,0.2007
502.55,0.00684,502.55,0.20062
502.6,0.00683,502.6,0.20046
502.65,0.00683,502.65,0.20052
502.7,0.00682,502.7,0.20076
502.75,0.00681,502.75,0.20112
502.8,0.00681,502.8,0.20143
502.85,0.0068,502.85,0.20167
502.9,0.00679,502.9,0.20203
502.95,0.00679,502.95,0.20212
503,0.00678,503,0.20192
503.05,0.00677,503.05,0.20182
503.1,0.00677,503.1,0.20132
503.15,0.00676,503.15,0.20122
503.2,0.00675,503.2,0.20109
503.25,0.00675,503.25,0.20111
503.3,0.00674,503.3,0.20124
503.35,0.00673,503.35,0.20167
503.4,0.00673,503.4,0.20197
503.45,0.00672,503.45,0.2024
503.5,0.00672,503.5,0.20277
503.55,0.00671,503.55,0.20315
503.6,0.0067,503.6,0.20305
503.65,0.0067,503.65,0.20284
503.7,0.00669,503.7,0.20256
503.75,0.00668,503.75,0.20215
503.8,0.00667,503.8,0.20176
503.85,0.00666,503.85,0.20145
503.9,0.00665,503.9,0.20157
503.95,0.00664,503.95,0.20172
504,0.00664,504,0.20218
504.05,0.00663,504.05,0.20272
504.1,0.00662,504.1,0.20328
504.15,0.00661,504.15,0.20387
504.2,0.0066,504.2,0.20417
504.25,0.00659,504.25,0.20417
504.3,0.00659,504.3,0.20407
504.35,0.00659,504.35,0.20375
504.4,0.00658,504.4,0.20327
504.45,0.00658,504.45,0.20282
504.5,0.00658,504.5,0.20218
504.55,0.00658,504.55,0.20201
504.6,0.00658,504.6,0.202
504.65,0.00657,504.65,0.20233
504.7,0.00657,504.7,0.20286
504.75,0.00657,504.75,0.20342
504.8,0.00657,504.8,0.20436
504.85,0.00656,504.85,0.20482
504.9,0.00656,504.9,0.20515
504.95,0.00655,504.95,0.20535
505,0.00654,505,0.20518
505.05,0.00653,505.05,0.20492
505.1,0.00652,505.1,0.20423
505.15,0.00651,505.15,0.20355
505.2,0.0065,505.2,0.20288
505.25,0.00649,505.25,0.20252
505.3,0.00648,505.3,0.2025
505.35,0.00647,505.35,0.20282
505.4,0.00646,505.4,0.20325
505.45,0.00645,505.45,0.20403
505.5,0.00644,505.5,0.20496
505.55,0.00643,505.55,0.20574
505.6,0.00643,505.6,0.20616
505.65,0.00643,505.65,0.20644
505.7,0.00642,505.7,0.20657
505.75,0.00642,505.75,0.20627
505.8,0.00642,505.8,0.20573
505.85,0.00642,505.85,0.20489
505.9,0.00641,505.9,0.20415
505.95,0.00641,505.95,0.20346
506,0.00641,506,0.20263
506.05,0.00641,506.05,0.20289
506.1,0.0064,506.1,0.20299
506.15,0.0064,506.15,0.20357
506.2,0.0064,506.2,0.20451
506.25,0.00639,506.25,0.20519
506.3,0.00638,506.3,0.20651
506.35,0.00638,506.35,0.2072
506.4,0.00637,506.4,0.20763
506.45,0.00637,506.45,0.20791
506.5,0.00636,506.5,0.20767
506.55,0.00635,506.55,0.20733
506.6,0.00635,506.6,0.20678
506.65,0.00634,506.65,0.20549
506.7,0.00633,506.7,0.20451
506.75,0.00633,506.75,0.20371
506.8,0.00632,506.8,0.20315
506.85,0.00632,506.85,0.20287
506.9,0.00631,506.9,0.203
506.95,0.00631,506.95,0.20369
507,0.00631,507,0.20483
507.05,0.0063,507.05,0.206
507.1,0.0063,507.1,0.20719
507.15,0.00629,507.15,0.20813
507.2,0.00629,507.2,0.20891
507.25,0.00628,507.25,0.20906
507.3,0.00628,507.3,0.20903
507.35,0.00628,507.35,0.2086
507.4,0.00627,507.4,0.20803
507.45,0.00627,507.45,0.20714
507.5,0.00626,507.5,0.20607
507.55,0.00625,507.55,0.20518
507.6,0.00625,507.6,0.20456
507.65,0.00624,507.65,0.20396
507.7,0.00624,507.7,0.20351
507.75,0.00623,507.75,0.20363
507.8,0.00622,507.8,0.20403
507.85,0.00622,507.85,0.20488
507.9,0.00621,507.9,0.20578
507.95,0.00621,507.95,0.20686
508,0.0062,508,0.20842
508.05,0.00619,508.05,0.20964
508.1,0.00619,508.1,0.21028
508.15,0.00618,508.15,0.21061
508.2,0.00617,508.2,0.21068
508.25,0.00617,508.25,0.21048
508.3,0.00616,508.3,0.20972
508.35,0.00616,508.35,0.20854
508.4,0.00615,508.4,0.20736
508.45,0.00614,508.45,0.20646
508.5,0.00614,508.5,0.20502
508.55,0.00613,508.55,0.20411
508.6,0.00612,508.6,0.20376
508.65,0.00612,508.65,0.20325
508.7,0.00611,508.7,0.20376
508.75,0.0061,508.75,0.20422
508.8,0.0061,508.8,0.2053
508.85,0.00609,508.85,0.20694
508.9,0.00608,508.9,0.20817
508.95,0.00607,508.95,0.20939
509,0.00606,509,0.21099
509.05,0.00606,509.05,0.21171
509.1,0.00605,509.1,0.21193
509.15,0.00604,509.15,0.21194
509.2,0.00603,509.2,0.21144
509.25,0.00602,509.25,0.2108
509.3,0.00602,509.3,0.20988
509.35,0.00601,509.35,0.20867
509.4,0.00601,509.4,0.20747
509.45,0.00601,509.45,0.20691
509.5,0.006,509.5,0.20552
509.55,0.006,509.55,0.20464
509.6,0.006,509.6,0.20426
509.65,0.006,509.65,0.20403
509.7,0.00599,509.7,0.20414
509.75,0.00599,509.75,0.20457
509.8,0.00599,509.8,0.20522
509.85,0.00599,509.85,0.20669
509.9,0.00598,509.9,0.20796
509.95,0.00598,509.95,0.20923
510,0.00598,510,0.21113
510.05,0.00597,510.05,0.21242
510.1,0.00596,510.1,0.213
510.15,0.00596,510.15,0.21322
510.2,0.00595,510.2,0.21311
510.25,0.00595,510.25,0.21261
510.3,0.00594,510.3,0.21199
510.35,0.00593,510.35,0.2106
510.4,0.00593,510.4,0.20904
510.45,0.00592,510.45,0.20824
510.5,0.00592,510.5,0.20685
510.55,0.00591,510.55,0.20539
510.6,0.0059,510.6,0.20444
510.65,0.0059,510.65,0.20367
510.7,0.0059,510.7,0.20292
510.75,0.00589,510.75,0.20294
510.8,0.00589,510.8,0.20321
510.85,0.00588,510.85,0.20473
510.9,0.00588,510.9,0.20634
510.95,0.00587,510.95,0.20775
511,0.00587,511,0.21003
511.05,0.00587,511.05,0.21247
511.1,0.00586,511.1,0.21381
511.15,0.00586,511.15,0.21479
511.2,0.00585,511.2,0.21534
511.25,0.00585,511.25,0.21533
511.3,0.00584,511.3,0.21486
511.35,0.00584,511.35,0.21381
511.4,0.00583,511.4,0.21213
511.45,0.00582,511.45,0.21091
511.5,0.00582,511.5,0.20949
511.55,0.00581,511.55,0.20813
511.6,0.0058,511.6,0.20728
511.65,0.0058,511.65,0.20606
511.7,0.00579,511.7,0.20475
511.75,0.00579,511.75,0.20379
511.8,0.00578,511.8,0.20334
511.85,0.00577,511.85,0.20323
511.9,0.00577,511.9,0.20385
511.95,0.00577,511.95,0.20465
512,0.00576,512,0.20579
512.05,0.00576,512.05,0.20794
512.1,0.00575,512.1,0.21001
512.15,0.00575,512.15,0.21148
512.2,0.00575,512.2,0.2135
512.25,0.00574,512.25,0.21498
512.3,0.00574,512.3,0.21557
512.35,0.00573,512.35,0.21605
512.4,0.00573,512.4,0.21546
512.45,0.00573,512.45,0.21517
512.5,0.00572,512.5,0.21413
512.55,0.00571,512.55,0.21261
512.6,0.0057,512.6,0.21177
512.65,0.00569,512.65,0.21086
512.7,0.00568,512.7,0.20933
512.75,0.00567,512.75,0.20814
512.8,0.00566,512.8,0.20714
512.85,0.00565,512.85,0.20597
512.9,0.00564,512.9,0.20439
512.95,0.00564,512.95,0.20363
513,0.00563,513,0.20299
513.05,0.00562,513.05,0.20254
513.1,0.00561,513.1,0.2029
513.15,0.0056,513.15,0.20339
513.2,0.0056,513.2,0.20516
513.25,0.0056,513.25,0.20709
513.3,0.0056,513.3,0.20878
513.35,0.0056,513.35,0.21136
513.4,0.0056,513.4,0.21392
513.45,0.0056,513.45,0.21546
513.5,0.0056,513.5,0.21655
513.55,0.0056,513.55,0.21739
513.6,0.0056,513.6,0.21754
513.65,0.0056,513.65,0.21717
513.7,0.0056,513.7,0.21616
513.75,0.0056,513.75,0.2148
513.8,0.00559,513.8,0.21384
513.85,0.00558,513.85,0.21259
513.9,0.00557,513.9,0.2109
513.95,0.00556,513.95,0.20959
514,0.00554,514,0.20851
514.05,0.00553,514.05,0.20684
514.1,0.00552,514.1,0.20548
514.15,0.00551,514.15,0.20431
514.2,0.0055,514.2,0.20298
514.25,0.00549,514.25,0.20194
514.3,0.00548,514.3,0.20148
514.35,0.00547,514.35,0.20184
514.4,0.00546,514.4,0.20267
514.45,0.00546,514.45,0.204
514.5,0.00546,514.5,0.20569
514.55,0.00546,514.55,0.20851
514.6,0.00546,514.6,0.21163
514.65,0.00546,514.65,0.21367
514.7,0.00546,514.7,0.21638
514.75,0.00546,514.75,0.21848
514.8,0.00546,514.8,0.21945
514.85,0.00546,514.85,0.21973
514.9,0.00546,514.9,0.21944
514.95,0.00546,514.95,0.21879
515,0.00546,515,0.21798
515.05,0.00546,515.05,0.21584
515.1,0.00546,515.1,0.21444
515.15,0.00546,515.15,0.21306
515.2,0.00546,515.2,0.21131
515.25,0.00546,515.25,0.20969
515.3,0.00546,515.3,0.20843
515.35,0.00546,515.35,0.20718
515.4,0.00546,515.4,0.20544
515.45,0.00546,515.45,0.20427
515.5,0.00546,515.5,0.20316
515.55,0.00546,515.55,0.20167
515.6,0.00546,515.6,0.20104
515.65,0.00546,515.65,0.20093
515.7,0.00545,515.7,0.2015
515.75,0.00543,515.75,0.20276
515.8,0.00542,515.8,0.20403
515.85,0.00541,515.85,0.20605
515.9,0.0054,515.9,0.20921
515.95,0.00539,515.95,0.21218
516,0.00538,516,0.21456
516.05,0.00537,516.05,0.21732
516.1,0.00536,516.1,0.21949
516.15,0.00535,516.15,0.22054
516.2,0.00534,516.2,0.22114
516.25,0.00532,516.25,0.22102
516.3,0.00532,516.3,0.22024
516.35,0.00531,516.35,0.21925
516.4,0.00531,516.4,0.21749
516.45,0.00531,516.45,0.21559
516.5,0.0053,516.5,0.21444
516.55,0.0053,516.55,0.2126
516.6,0.0053,516.6,0.21112
516.65,0.00529,516.65,0.20993
516.7,0.00529,516.7,0.2087
516.75,0.00528,516.75,0.20716
516.8,0.00528,516.8,0.20599
516.85,0.00528,516.85,0.20502
516.9,0.00527,516.9,0.20353
516.95,0.00527,516.95,0.20238
517,0.00526,517,0.20183
517.05,0.00526,517.05,0.20107
517.1,0.00525,517.1,0.20125
517.15,0.00525,517.15,0.2015
517.2,0.00524,517.2,0.20271
517.25,0.00524,517.25,0.20523
517.3,0.00523,517.3,0.20739
517.35,0.00522,517.35,0.20973
517.4,0.00522,517.4,0.21322
517.45,0.00521,517.45,0.21686
517.5,0.00521,517.5,0.21884
517.55,0.0052,517.55,0.22061
517.6,0.0052,517.6,0.22205
517.65,0.0052,517.65,0.22222
517.7,0.0052,517.7,0.22216
517.75,0.0052,517.75,0.22113
517.8,0.0052,517.8,0.21986
517.85,0.00519,517.85,0.21858
517.9,0.00519,517.9,0.21679
517.95,0.00519,517.95,0.21511
518,0.00519,518,0.21425
518.05,0.00519,518.05,0.21281
518.1,0.00518,518.1,0.21126
518.15,0.00518,518.15,0.21011
518.2,0.00518,518.2,0.20906
518.25,0.00517,518.25,0.20754
518.3,0.00516,518.3,0.20636
518.35,0.00516,518.35,0.20517
518.4,0.00515,518.4,0.20361
518.45,0.00514,518.45,0.20201
518.5,0.00513,518.5,0.20117
518.55,0.00513,518.55,0.20022
518.6,0.00512,518.6,0.19988
518.65,0.00511,518.65,0.2003
518.7,0.0051,518.7,0.20115
518.75,0.0051,518.75,0.20325
518.8,0.00509,518.8,0.20577
518.85,0.00509,518.85,0.20828
518.9,0.00508,518.9,0.21206
518.95,0.00508,518.95,0.21594
519,0.00508,519,0.21861
519.05,0.00507,519.05,0.2206
519.1,0.00507,519.1,0.22287
519.15,0.00506,519.15,0.22384
519.2,0.00506,519.2,0.22407
519.25,0.00506,519.25,0.22368
519.3,0.00505,519.3,0.22262
519.35,0.00505,519.35,0.22164
519.4,0.00505,519.4,0.22028
519.45,0.00504,519.45,0.21813
519.5,0.00503,519.5,0.21693
519.55,0.00503,519.55,0.21526
519.6,0.00502,519.6,0.21344
519.65,0.00501,519.65,0.21214
519.7,0.00501,519.7,0.2109
519.75,0.005,519.75,0.20938
519.8,0.00499,519.8,0.20751
519.85,0.00498,519.85,0.20642
519.9,0.00498,519.9,0.20516
519.95,0.00497,519.95,0.20327
520,0.00496,520,0.20213
520.05,0.00496,520.05,0.20122
520.1,0.00495,520.1,0.19942
520.15,0.00495,520.15,0.19872
520.2,0.00494,520.2,0.19866
520.25,0.00494,520.25,0.19949
520.3,0.00494,520.3,0.20114
520.35,0.00493,520.35,0.20276
520.4,0.00493,520.4,0.20522
520.45,0.00493,520.45,0.20993
520.5,0.00492,520.5,0.21387
520.55,0.00492,520.55,0.21685
520.6,0.00492,520.6,0.22047
520.65,0.00491,520.65,0.22361
520.7,0.00491,520.7,0.22474
520.75,0.00491,520.75,0.22581
520.8,0.00491,520.8,0.22594
520.85,0.00491,520.85,0.22536
520.9,0.00491,520.9,0.22453
520.95,0.00491,520.95,0.22219
521,0.00491,521,0.22039
521.05,0.00491,521.05,0.21899
521.1,0.00491,521.1,0.21684
521.15,0.00491,521.15,0.21486
521.2,0.00491,521.2,0.21334
521.25,0.00491,521.25,0.21201
521.3,0.00491,521.3,0.20977
521.35,0.0049,521.35,0.20805
521.4,0.00489,521.4,0.20694
521.45,0.00489,521.45,0.20466
521.5,0.00488,521.5,0.20293
521.55,0.00487,521.55,0.20167
521.6,0.00486,521.6,0.20009
521.65,0.00485,521.65,0.19866
521.7,0.00484,521.7,0.19708
521.75,0.00483,521.75,0.1968
521.8,0.00482,521.8,0.19678
521.85,0.00482,521.85,0.19762
521.9,0.00481,521.9,0.19901
521.95,0.0048,521.95,0.20196
522,0.00479,522,0.2063
522.05,0.00479,522.05,0.20985
522.1,0.00478,522.1,0.21433
522.15,0.00478,522.15,0.21978
522.2,0.00477,522.2,0.22312
522.25,0.00477,522.25,0.2254
522.3,0.00476,522.3,0.22707
522.35,0.00476,522.35,0.22771
522.4,0.00475,522.4,0.22747
522.45,0.00475,522.45,0.22611
522.5,0.00474,522.5,0.22423
522.55,0.00474,522.55,0.22246
522.6,0.00473,522.6,0.22067
522.65,0.00473,522.65,0.21838
522.7,0.00472,522.7,0.21662
522.75,0.00472,522.75,0.21547
522.8,0.00471,522.8,0.21315
522.85,0.00471,522.85,0.21122
522.9,0.0047,522.9,0.2101
522.95,0.0047,522.95,0.20829
523,0.00469,523,0.20647
523.05,0.00469,523.05,0.20512
523.1,0.00468,523.1,0.20381
523.15,0.00468,523.15,0.202
523.2,0.00467,523.2,0.20042
523.25,0.00467,523.25,0.19919
523.3,0.00467,523.3,0.19743
523.35,0.00466,523.35,0.19614
523.4,0.00466,523.4,0.19582
523.45,0.00466,523.45,0.19575
523.5,0.00466,523.5,0.19692
523.55,0.00466,523.55,0.19851
523.6,0.00466,523.6,0.2012
523.65,0.00465,523.65,0.20565
523.7,0.00465,523.7,0.21018
523.75,0.00465,523.75,0.21377
523.8,0.00465,523.8,0.21902
523.85,0.00465,523.85,0.22341
523.9,0.00464,523.9,0.22576
523.95,0.00464,523.95,0.22734
524,0.00464,524,0.22822
524.05,0.00463,524.05,0.2279
524.1,0.00463,524.1,0.22717
524.15,0.00463,524.15,0.22534
524.2,0.00462,524.2,0.22314
524.25,0.00462,524.25,0.22141
524.3,0.00462,524.3,0.2192
524.35,0.00461,524.35,0.21702
524.4,0.00461,524.4,0.21589
524.45,0.00461,524.45,0.21403
524.5,0.0046,524.5,0.21174
524.55,0.00459,524.55,0.20995
524.6,0.00458,524.6,0.20866
524.65,0.00456,524.65,0.20687
524.7,0.00455,524.7,0.20489
524.75,0.00454,524.75,0.20355
524.8,0.00453,524.8,0.20195
524.85,0.00452,524.85,0.2001
524.9,0.0045,524.9,0.19889
524.95,0.00449,524.95,0.19738
525,0.00448,525,0.19565
525.05,0.00447,525.05,0.19448
525.1,0.00446,525.1,0.19362
525.15,0.00445,525.15,0.19348
525.2,0.00445,525.2,0.19416
525.25,0.00445,525.25,0.19573
525.3,0.00445,525.3,0.19853
525.35,0.00445,525.35,0.20279
525.4,0.00445,525.4,0.20681
525.45,0.00446,525.45,0.21103
525.5,0.00446,525.5,0.21737
525.55,0.00446,525.55,0.22224
525.6,0.00446,525.6,0.22522
525.65,0.00446,525.65,0.22798
525.7,0.00446,525.7,0.22927
525.75,0.00446,525.75,0.22934
525.8,0.00445,525.8,0.2284
525.85,0.00445,525.85,0.22668
525.9,0.00445,525.9,0.22476
525.95,0.00445,525.95,0.22314
526,0.00445,526,0.22044
526.05,0.00445,526.05,0.21841
526.1,0.00444,526.1,0.2167
526.15,0.00444,526.15,0.21459
526.2,0.00444,526.2,0.21212
526.25,0.00444,526.25,0.21034
526.3,0.00444,526.3,0.20876
526.35,0.00444,526.35,0.20666
526.4,0.00443,526.4,0.20512
526.45,0.00442,526.45,0.2037
526.5,0.00441,526.5,0.2017
526.55,0.0044,526.55,0.20017
526.6,0.00439,526.6,0.19877
526.65,0.00438,526.65,0.1975
526.7,0.00437,526.7,0.19599
526.75,0.00436,526.75,0.19499
526.8,0.00435,526.8,0.19387
526.85,0.00434,526.85,0.1925
526.9,0.00433,526.9,0.19185
526.95,0.00432,526.95,0.19202
527,0.00431,527,0.1933
527.05,0.00431,527.05,0.19585
527.1,0.0043,527.1,0.19834
527.15,0.0043,527.15,0.20257
527.2,0.0043,527.2,0.20861
527.25,0.00429,527.25,0.21382
527.3,0.00429,527.3,0.2182
527.35,0.00429,527.35,0.22303
527.4,0.00428,527.4,0.22633
527.45,0.00428,527.45,0.22783
527.5,0.00428,527.5,0.229
527.55,0.00427,527.55,0.22864
527.6,0.00427,527.6,0.2274
527.65,0.00427,527.65,0.22556
527.7,0.00427,527.7,0.22291
527.75,0.00427,527.75,0.22099
527.8,0.00428,527.8,0.21938
527.85,0.00428,527.85,0.21687
527.9,0.00428,527.9,0.21491
527.95,0.00428,527.95,0.21329
528,0.00428,528,0.21155
528.05,0.00428,528.05,0.2096
528.1,0.00429,528.1,0.20812
528.15,0.00429,528.15,0.20684
528.2,0.00429,528.2,0.20484
528.25,0.00429,528.25,0.20302
528.3,0.00428,528.3,0.20171
528.35,0.00427,528.35,0.19976
528.4,0.00426,528.4,0.19815
528.45,0.00425,528.45,0.19691
528.5,0.00424,528.5,0.19518
528.55,0.00423,528.55,0.19339
528.6,0.00422,528.6,0.19212
528.65,0.0042,528.65,0.19081
528.7,0.00419,528.7,0.18924
528.75,0.00418,528.75,0.1885
528.8,0.00417,528.8,0.18857
528.85,0.00416,528.85,0.18958
528.9,0.00415,528.9,0.19212
528.95,0.00414,528.95,0.19492
529,0.00414,529,0.19927
529.05,0.00413,529.05,0.20545
529.1,0.00413,529.1,0.21045
529.15,0.00412,529.15,0.21493
529.2,0.00412,529.2,0.22089
529.25,0.00411,529.25,0.22477
529.3,0.00411,529.3,0.22701
529.35,0.00411,529.35,0.22844
529.4,0.0041,529.4,0.22889
529.45,0.0041,529.45,0.22786
529.5,0.00409,529.5,0.2264
529.55,0.00409,529.55,0.2239
529.6,0.00409,529.6,0.22172
529.65,0.00409,529.65,0.22016
529.7,0.00408,529.7,0.21752
529.75,0.00408,529.75,0.21526
529.8,0.00408,529.8,0.21369
529.85,0.00408,529.85,0.21152
529.9,0.00408,529.9,0.20937
529.95,0.00408,529.95,0.20755
530,0.00408,530,0.20601
530.05,0.00407,530.05,0.20391
530.1,0.00407,530.1,0.20219
530.15,0.00407,530.15,0.20089
530.2,0.00407,530.2,0.19876
530.25,0.00406,530.25,0.19683
530.3,0.00406,530.3,0.19543
530.35,0.00405,530.35,0.19368
530.4,0.00405,530.4,0.19192
530.45,0.00404,530.45,0.19046
530.5,0.00404,530.5,0.18902
530.55,0.00403,530.55,0.18731
530.6,0.00403,530.6,0.18589
530.65,0.00402,530.65,0.18512
530.7,0.00402,530.7,0.1847
530.75,0.00402,530.75,0.18548
530.8,0.00401,530.8,0.18726
530.85,0.004,530.85,0.18991
530.9,0.004,530.9,0.1948
530.95,0.00399,530.95,0.20001
531,0.00399,531,0.20491
531.05,0.00398,531.05,0.21288
531.1,0.00397,531.1,0.2187
531.15,0.00397,531.15,0.22249
531.2,0.00396,531.2,0.22616
531.25,0.00395,531.25,0.22853
531.3,0.00395,531.3,0.2293
531.35,0.00394,531.35,0.22867
531.4,0.00394,531.4,0.22691
531.45,0.00393,531.45,0.22491
531.5,0.00393,531.5,0.22283
531.55,0.00392,531.55,0.22038
531.6,0.00392,531.6,0.2175
531.65,0.00392,531.65,0.21561
531.7,0.00392,531.7,0.21324
531.75,0.00391,531.75,0.21069
531.8,0.00391,531.8,0.20928
531.85,0.00391,531.85,0.20743
531.9,0.0039,531.9,0.20513
531.95,0.0039,531.95,0.20324
532,0.0039,532,0.2017
532.05,0.0039,532.05,0.19966
532.1,0.00389,532.1,0.19751
532.15,0.00389,532.15,0.19605
532.2,0.00389,532.2,0.1944
532.25,0.00388,532.25,0.19234
532.3,0.00388,532.3,0.19081
532.35,0.00388,532.35,0.18954
532.4,0.00388,532.4,0.18792
532.45,0.00387,532.45,0.18673
532.5,0.00387,532.5,0.18577
532.55,0.00387,532.55,0.18467
532.6,0.00386,532.6,0.18356
532.65,0.00386,532.65,0.18299
532.7,0.00386,532.7,0.1832
532.75,0.00385,532.75,0.18442
532.8,0.00384,532.8,0.18654
532.85,0.00384,532.85,0.18863
532.9,0.00383,532.9,0.19413
532.95,0.00383,532.95,0.2003
533,0.00382,533,0.20527
533.05,0.00381,533.05,0.212
533.1,0.00381,533.1,0.21878
533.15,0.0038,533.15,0.22235
533.2,0.00379,533.2,0.22495
533.25,0.00379,533.25,0.22698
533.3,0.00378,533.3,0.22745
533.35,0.00378,533.35,0.22687
533.4,0.00377,533.4,0.225
533.45,0.00376,533.45,0.22274
533.5,0.00376,533.5,0.22077
533.55,0.00375,533.55,0.21845
533.6,0.00375,533.6,0.21529
533.65,0.00374,533.65,0.21321
533.7,0.00373,533.7,0.21134
533.75,0.00373,533.75,0.20863
533.8,0.00372,533.8,0.20659
533.85,0.00372,533.85,0.20507
533.9,0.00371,533.9,0.20282
533.95,0.0037,533.95,0.20108
534,0.0037,534,0.19941
534.05,0.0037,534.05,0.19805
534.1,0.0037,534.1,0.19626
534.15,0.0037,534.15,0.19502
534.2,0.0037,534.2,0.19419
534.25,0.0037,534.25,0.19249
534.3,0.00369,534.3,0.19102
534.35,0.00369,534.35,0.18996
534.4,0.00369,534.4,0.18839
534.45,0.00369,534.45,0.18688
534.5,0.00369,534.5,0.18563
534.55,0.00369,534.55,0.1844
534.6,0.00369,534.6,0.18251
534.65,0.00369,534.65,0.18117
534.7,0.00368,534.7,0.18032
534.75,0.00368,534.75,0.18004
534.8,0.00368,534.8,0.18126
534.85,0.00368,534.85,0.18288
534.9,0.00368,534.9,0.18631
534.95,0.00368,534.95,0.19192
535,0.00368,535,0.19733
535.05,0.00368,535.05,0.20279
535.1,0.00367,535.1,0.21073
535.15,0.00367,535.15,0.21634
535.2,0.00367,535.2,0.21995
535.25,0.00367,535.25,0.22401
535.3,0.00366,535.3,0.22579
535.35,0.00365,535.35,0.22602
535.4,0.00364,535.4,0.22518
535.45,0.00364,535.45,0.22314
535.5,0.00363,535.5,0.22107
535.55,0.00362,535.55,0.21936
535.6,0.00361,535.6,0.21646
535.65,0.00361,535.65,0.2142
535.7,0.0036,535.7,0.21254
535.75,0.00359,535.75,0.21036
535.8,0.00358,535.8,0.20857
535.85,0.00358,535.85,0.20708
535.9,0.00357,535.9,0.20561
535.95,0.00357,535.95,0.2037
536,0.00356,536,0.20201
536.05,0.00356,536.05,0.20095
536.1,0.00355,536.1,0.19879
536.15,0.00355,536.15,0.19698
536.2,0.00355,536.2,0.19561
536.25,0.00354,536.25,0.1936
536.3,0.00354,536.3,0.19131
536.35,0.00353,536.35,0.18985
536.4,0.00353,536.4,0.18817
536.45,0.00352,536.45,0.18629
536.5,0.00352,536.5,0.18456
536.55,0.00351,536.55,0.18349
536.6,0.00351,536.6,0.18166
536.65,0.00351,536.65,0.17978
536.7,0.0035,536.7,0.17852
536.75,0.0035,536.75,0.17725
536.8,0.00349,536.8,0.17632
536.85,0.00349,536.85,0.17606
536.9,0.00348,536.9,0.17709
536.95,0.00348,536.95,0.17984
537,0.00348,537,0.18376
537.05,0.00347,537.05,0.18762
537.1,0.00347,537.1,0.19462
537.15,0.00346,537.15,0.20225
537.2,0.00345,537.2,0.20793
537.25,0.00344,537.25,0.21366
537.3,0.00344,537.3,0.21979
537.35,0.00343,537.35,0.22315
537.4,0.00342,537.4,0.22482
537.45,0.00342,537.45,0.22557
537.5,0.00341,537.5,0.22482
537.55,0.0034,537.55,0.22367
537.6,0.00339,537.6,0.22153
537.65,0.00339,537.65,0.21945
537.7,0.00338,537.7,0.21771
537.75,0.00337,537.75,0.2158
537.8,0.00337,537.8,0.21341
537.85,0.00337,537.85,0.21162
537.9,0.00337,537.9,0.20991
537.95,0.00337,537.95,0.20749
538,0.00337,538,0.20494
538.05,0.00337,538.05,0.20335
538.1,0.00337,538.1,0.20125
538.15,0.00336,538.15,0.19868
538.2,0.00336,538.2,0.19715
538.25,0.00336,538.25,0.19538
538.3,0.00336,538.3,0.193
538.35,0.00336,538.35,0.19098
538.4,0.00336,538.4,0.18951
538.45,0.00335,538.45,0.18751
538.5,0.00335,538.5,0.18563
538.55,0.00334,538.55,0.18435
538.6,0.00334,538.6,0.18257
538.65,0.00334,538.65,0.18068
538.7,0.00333,538.7,0.17932
538.75,0.00333,538.75,0.17813
538.8,0.00332,538.8,0.1765
538.85,0.00332,538.85,0.17538
538.9,0.00331,538.9,0.17441
538.95,0.00331,538.95,0.17339
539,0.00331,539,0.17321
539.05,0.0033,539.05,0.17391
539.1,0.0033,539.1,0.17603
539.15,0.0033,539.15,0.17983
539.2,0.0033,539.2,0.18407
539.25,0.00329,539.25,0.18827
539.3,0.00329,539.3,0.19664
539.35,0.00329,539.35,0.20448
539.4,0.00329,539.4,0.21031
539.45,0.00328,539.45,0.21691
539.5,0.00328,539.5,0.22171
539.55,0.00328,539.55,0.22397
539.6,0.00327,539.6,0.22527
539.65,0.00327,539.65,0.2252
539.7,0.00326,539.7,0.22375
539.75,0.00325,539.75,0.22206
539.8,0.00324,539.8,0.21923
539.85,0.00323,539.85,0.21652
539.9,0.00323,539.9,0.21454
539.95,0.00322,539.95,0.21209
540,0.00321,540,0.20898
540.05,0.0032,540.05,0.20714
540.1,0.00319,540.1,0.20527
540.15,0.00318,540.15,0.2026
540.2,0.00317,540.2,0.20064
540.25,0.00316,540.25,0.19895
540.3,0.00316,540.3,0.19653
540.35,0.00316,540.35,0.19445
540.4,0.00316,540.4,0.1926
540.45,0.00316,540.45,0.19069
540.5,0.00316,540.5,0.18858
540.55,0.00316,540.55,0.18695
540.6,0.00316,540.6,0.18537
540.65,0.00316,540.65,0.18324
540.7,0.00315,540.7,0.18149
540.75,0.00315,540.75,0.18003
540.8,0.00315,540.8,0.17826
540.85,0.00315,540.85,0.1767
540.9,0.00315,540.9,0.17563
540.95,0.00315,540.95,0.17465
541,0.00314,541,0.17345
541.05,0.00314,541.05,0.17267
541.1,0.00314,541.1,0.1724
541.15,0.00314,541.15,0.17223
541.2,0.00313,541.2,0.17231
541.25,0.00313,541.25,0.17307
541.3,0.00313,541.3,0.17522
541.35,0.00313,541.35,0.17883
541.4,0.00312,541.4,0.18261
541.45,0.00312,541.45,0.18732
541.5,0.00312,541.5,0.19467
541.55,0.00311,541.55,0.20105
541.6,0.00311,541.6,0.2062
541.65,0.0031,541.65,0.2132
541.7,0.0031,541.7,0.21798
541.75,0.00309,541.75,0.22032
541.8,0.00309,541.8,0.2216
541.85,0.00308,541.85,0.22158
541.9,0.00308,541.9,0.22059
541.95,0.00307,541.95,0.21887
542,0.00306,542,0.21571
542.05,0.00306,542.05,0.2132
542.1,0.00305,542.1,0.21147
542.15,0.00305,542.15,0.20861
542.2,0.00304,542.2,0.20615
542.25,0.00304,542.25,0.20427
542.3,0.00303,542.3,0.20202
542.35,0.00303,542.35,0.19929
542.4,0.00302,542.4,0.19712
542.45,0.00301,542.45,0.19559
542.5,0.00301,542.5,0.19331
542.55,0.003,542.55,0.19128
542.6,0.003,542.6,0.18988
542.65,0.00299,542.65,0.18766
542.7,0.00299,542.7,0.18548
542.75,0.00298,542.75,0.18397
542.8,0.00298,542.8,0.18234
542.85,0.00297,542.85,0.18033
542.9,0.00297,542.9,0.1789
542.95,0.00296,542.95,0.17784
543,0.00296,543,0.17623
543.05,0.00296,543.05,0.17517
543.1,0.00295,543.1,0.17458
543.15,0.00295,543.15,0.17411
543.2,0.00294,543.2,0.17398
543.25,0.00294,543.25,0.17388
543.3,0.00294,543.3,0.17403
543.35,0.00293,543.35,0.17412
543.4,0.00293,543.4,0.17418
543.45,0.00293,543.45,0.17401
543.5,0.00292,543.5,0.17371
543.55,0.00292,543.55,0.17377
543.6,0.00292,543.6,0.17447
543.65,0.00292,543.65,0.17608
543.7,0.00291,543.7,0.17944
543.75,0.00291,543.75,0.18336
543.8,0.00291,543.8,0.18741
543.85,0.00291,543.85,0.19456
543.9,0.0029,543.9,0.20056
543.95,0.0029,543.95,0.20488
544,0.0029,544,0.2099
544.05,0.0029,544.05,0.21385
544.1,0.00289,544.1,0.21561
544.15,0.00289,544.15,0.21614
544.2,0.00288,544.2,0.21573
544.25,0.00288,544.25,0.21457
544.3,0.00288,544.3,0.21314
544.35,0.00287,544.35,0.21036
544.4,0.00287,544.4,0.20778
544.45,0.00286,544.45,0.20611
544.5,0.00286,544.5,0.20355
544.55,0.00286,544.55,0.2013
544.6,0.00285,544.6,0.1997
544.65,0.00285,544.65,0.19794
544.7,0.00285,544.7,0.19542
544.75,0.00285,544.75,0.19334
544.8,0.00285,544.8,0.19189
544.85,0.00285,544.85,0.18974
544.9,0.00285,544.9,0.18766
544.95,0.00285,544.95,0.18629
545,0.00285,545,0.1845
545.05,0.00285,545.05,0.18233
545.1,0.00285,545.1,0.18095
545.15,0.00285,545.15,0.17967
545.2,0.00285,545.2,0.17815
545.25,0.00285,545.25,0.17707
545.3,0.00285,545.3,0.17638
545.35,0.00284,545.35,0.17541
545.4,0.00283,545.4,0.17504
545.45,0.00282,545.45,0.17482
545.5,0.00281,545.5,0.1749
545.55,0.0028,545.55,0.17496
545.6,0.00279,545.6,0.17521
545.65,0.00278,545.65,0.1754
545.7,0.00276,545.7,0.17527
545.75,0.00275,545.75,0.17498
545.8,0.00274,545.8,0.17453
545.85,0.00273,545.85,0.17384
545.9,0.00272,545.9,0.17266
545.95,0.00271,545.95,0.1717
546,0.00271,546,0.17096
546.05,0.00271,546.05,0.17048
546.1,0.00271,546.1,0.17118
546.15,0.00271,546.15,0.17221
546.2,0.00271,546.2,0.1757
546.25,0.00271,546.25,0.17954
546.3,0.00272,546.3,0.18294
546.35,0.00272,546.35,0.18901
546.4,0.00272,546.4,0.19677
546.45,0.00272,546.45,0.20068
546.5,0.00272,546.5,0.20445
546.55,0.00272,546.55,0.20819
546.6,0.00272,546.6,0.21004
546.65,0.00271,546.65,0.21048
546.7,0.0027,546.7,0.20999
546.75,0.0027,546.75,0.20832
546.8,0.00269,546.8,0.2067
546.85,0.00269,546.85,0.20445
546.9,0.00268,546.9,0.20173
546.95,0.00268,546.95,0.2
547,0.00267,547,0.19842
547.05,0.00267,547.05,0.19565
547.1,0.00266,547.1,0.19364
547.15,0.00266,547.15,0.19237
547.2,0.00265,547.2,0.18995
547.25,0.00265,547.25,0.18813
547.3,0.00264,547.3,0.18665
547.35,0.00264,547.35,0.18524
547.4,0.00263,547.4,0.18312
547.45,0.00263,547.45,0.1817
547.5,0.00262,547.5,0.18058
547.55,0.00262,547.55,0.1788
547.6,0.00261,547.6,0.1776
547.65,0.00261,547.65,0.17676
547.7,0.0026,547.7,0.17575
547.75,0.0026,547.75,0.17485
547.8,0.00259,547.8,0.17471
547.85,0.00259,547.85,0.17461
547.9,0.00258,547.9,0.1747
547.95,0.00258,547.95,0.17496
548,0.00258,548,0.17542
548.05,0.00258,548.05,0.1758
548.1,0.00257,548.1,0.17601
548.15,0.00257,548.15,0.17603
548.2,0.00257,548.2,0.17563
548.25,0.00257,548.25,0.17501
548.3,0.00257,548.3,0.17415
548.35,0.00256,548.35,0.17332
548.4,0.00256,548.4,0.17181
548.45,0.00256,548.45,0.17038
548.5,0.00256,548.5,0.16953
548.55,0.00255,548.55,0.16814
548.6,0.00254,548.6,0.167
548.65,0.00254,548.65,0.16662
548.7,0.00253,548.7,0.16691
548.75,0.00253,548.75,0.16852
548.8,0.00252,548.8,0.17041
548.85,0.00252,548.85,0.17302
548.9,0.00251,548.9,0.17827
548.95,0.00251,548.95,0.18303
549,0.0025,549,0.18655
549.05,0.0025,549.05,0.19251
549.1,0.00249,549.1,0.19746
549.15,0.00249,549.15,0.19972
549.2,0.00249,549.2,0.20178
549.25,0.00248,549.25,0.20304
549.3,0.00248,549.3,0.20272
549.35,0.00248,549.35,0.20217
549.4,0.00247,549.4,0.20005
549.45,0.00247,549.45,0.19811
549.5,0.00246,549.5,0.19669
549.55,0.00246,549.55,0.19416
549.6,0.00246,549.6,0.19219
549.65,0.00245,549.65,0.19099
549.7,0.00245,549.7,0.18927
549.75,0.00245,549.75,0.18714
549.8,0.00244,549.8,0.18564
549.85,0.00244,549.85,0.18455
549.9,0.00244,549.9,0.18255
549.95,0.00243,549.95,0.18087
550,0.00243,550,0.18001
550.05,0.00243,550.05,0.17844
550.1,0.00242,550.1,0.17656
550.15,0.00242,550.15,0.17572
550.2,0.00241,550.2,0.17439
550.25,0.00241,550.25,0.17333
550.3,0.00241,550.3,0.17295
550.35,0.0024,550.35,0.17277
550.4,0.0024,550.4,0.17298
550.45,0.0024,550.45,0.17354
550.5,0.0024,550.5,0.17415
550.55,0.0024,550.55,0.17498
550.6,0.0024,550.6,0.17594
550.65,0.0024,550.65,0.17634
550.7,0.0024,550.7,0.17638
550.75,0.0024,550.75,0.17625
550.8,0.0024,550.8,0.17568
550.85,0.0024,550.85,0.17512
550.9,0.0024,550.9,0.17398
550.95,0.00239,550.95,0.17246
551,0.00239,551,0.17166
551.05,0.00239,551.05,0.17019
551.1,0.00238,551.1,0.16833
551.15,0.00238,551.15,0.16718
551.2,0.00237,551.2,0.16628
551.25,0.00237,551.25,0.1646
551.3,0.00236,551.3,0.1635
551.35,0.00236,551.35,0.16272
551.4,0.00235,551.4,0.16185
551.45,0.00235,551.45,0.16192
551.5,0.00234,551.5,0.1627
551.55,0.00234,551.55,0.16418
551.6,0.00233,551.6,0.16767
551.65,0.00233,551.65,0.17179
551.7,0.00233,551.7,0.17587
551.75,0.00232,551.75,0.17896
551.8,0.00232,551.8,0.18628
551.85,0.00232,551.85,0.18911
551.9,0.00232,551.9,0.19228
551.95,0.00231,551.95,0.19461
552,0.00231,552,0.19543
552.05,0.00231,552.05,0.19545
552.1,0.00231,552.1,0.19457
552.15,0.0023,552.15,0.19329
552.2,0.0023,552.2,0.19214
552.25,0.0023,552.25,0.18982
552.3,0.00229,552.3,0.18785
552.35,0.00229,552.35,0.18679
552.4,0.00228,552.4,0.18502
552.45,0.00228,552.45,0.1828
552.5,0.00227,552.5,0.18131
552.55,0.00227,552.55,0.18007
552.6,0.00226,552.6,0.17794
552.65,0.00226,552.65,0.17623
552.7,0.00225,552.7,0.17519
552.75,0.00225,552.75,0.17319
552.8,0.00224,552.8,0.17157
552.85,0.00224,552.85,0.17091
552.9,0.00223,552.9,0.1702
552.95,0.00223,552.95,0.16983
553,0.00222,553,0.16972
553.05,0.00222,553.05,0.1701
553.1,0.00222,553.1,0.1714
553.15,0.00221,553.15,0.17268
553.2,0.00221,553.2,0.17371
553.25,0.00221,553.25,0.17501
553.3,0.0022,553.3,0.1759
553.35,0.0022,553.35,0.17618
553.4,0.0022,553.4,0.17606
553.45,0.00219,553.45,0.17542
553.5,0.00219,553.5,0.17449
553.55,0.00219,553.55,0.17356
553.6,0.00218,553.6,0.17191
553.65,0.00218,553.65,0.1702
553.7,0.00217,553.7,0.1692
553.75,0.00217,553.75,0.16773
553.8,0.00217,553.8,0.16602
553.85,0.00216,553.85,0.16477
553.9,0.00216,553.9,0.16374
553.95,0.00216,553.95,0.162
554,0.00215,554,0.16082
554.05,0.00215,554.05,0.15994
554.1,0.00215,554.1,0.15852
554.15,0.00214,554.15,0.15746
554.2,0.00214,554.2,0.15722
554.25,0.00213,554.25,0.15745
554.3,0.00213,554.3,0.15865
554.35,0.00212,554.35,0.1605
554.4,0.00212,554.4,0.16246
554.45,0.00211,554.45,0.16673
554.5,0.00211,554.5,0.17132
554.55,0.0021,554.55,0.1747
554.6,0.0021,554.6,0.17958
554.65,0.00209,554.65,0.18349
554.7,0.00209,554.7,0.18544
554.75,0.00208,554.75,0.18688
554.8,0.00208,554.8,0.1877
554.85,0.00207,554.85,0.18736
554.9,0.00206,554.9,0.18679
554.95,0.00206,554.95,0.18476
555,0.00205,555,0.18274
555.05,0.00205,555.05,0.18138
555.1,0.00204,555.1,0.17955
555.15,0.00203,555.15,0.17699
555.2,0.00203,555.2,0.17578
555.25,0.00202,555.25,0.17435
555.3,0.00201,555.3,0.17243
555.35,0.00201,555.35,0.1709
555.4,0.002,555.4,0.16973
555.45,0.002,555.45,0.16787
555.5,0.00201,555.5,0.16688
555.55,0.00201,555.55,0.16651
555.6,0.00201,555.6,0.16661
555.65,0.00201,555.65,0.16716
555.7,0.00201,555.7,0.16803
555.75,0.00202,555.75,0.16934
555.8,0.00202,555.8,0.17128
555.85,0.00202,555.85,0.17317
555.9,0.00202,555.9,0.1743
555.95,0.00203,555.95,0.17538
556,0.00203,556,0.17597
556.05,0.00203,556.05,0.17578
556.1,0.00202,556.1,0.17526
556.15,0.00202,556.15,0.17399
556.2,0.00202,556.2,0.17284
556.25,0.00201,556.25,0.17168
556.3,0.00201,556.3,0.16969
556.35,0.00201,556.35,0.16832
556.4,0.002,556.4,0.16727
556.45,0.002,556.45,0.16577
556.5,0.002,556.5,0.16423
556.55,0.00199,556.55,0.16323
556.6,0.00199,556.6,0.16218
556.65,0.00199,556.65,0.16077
556.7,0.00198,556.7,0.15974
556.75,0.00197,556.75,0.15903
556.8,0.00196,556.8,0.15749
556.85,0.00195,556.85,0.15634
556.9,0.00194,556.9,0.15549
556.95,0.00193,556.95,0.15436
557,0.00193,557,0.15337
557.05,0.00192,557.05,0.153
557.1,0.00191,557.1,0.15312
557.15,0.0019,557.15,0.15415
557.2,0.00189,557.2,0.1558
557.25,0.00188,557.25,0.15764
557.3,0.00187,557.3,0.1613
557.35,0.00187,557.35,0.1655
557.4,0.00187,557.4,0.1682
557.45,0.00187,557.45,0.17151
557.5,0.00187,557.5,0.1751
557.55,0.00188,557.55,0.17689
557.6,0.00188,557.6,0.17774
557.65,0.00188,557.65,0.17808
557.7,0.00188,557.7,0.17758
557.75,0.00188,557.75,0.17673
557.8,0.00188,557.8,0.17518
557.85,0.00188,557.85,0.17313
557.9,0.00188,557.9,0.17175
557.95,0.00188,557.95,0.17022
558,0.00187,558,0.16837
558.05,0.00187,558.05,0.16698
558.1,0.00186,558.1,0.16577
558.15,0.00185,558.15,0.16421
558.2,0.00185,558.2,0.16297
558.25,0.00184,558.25,0.16261
558.3,0.00184,558.3,0.16246
558.35,0.00183,558.35,0.16308
558.4,0.00182,558.4,0.16394
558.45,0.00182,558.45,0.16523
558.5,0.00181,558.5,0.16772
558.55,0.00181,558.55,0.16971
558.6,0.0018,558.6,0.17139
558.65,0.0018,558.65,0.17342
558.7,0.00179,558.7,0.17453
558.75,0.00179,558.75,0.175
558.8,0.00178,558.8,0.17506
558.85,0.00178,558.85,0.17451
558.9,0.00177,558.9,0.1737
558.95,0.00177,558.95,0.17262
559,0.00176,559,0.17102
559.05,0.00176,559.05,0.16965
559.1,0.00175,559.1,0.16871
559.15,0.00175,559.15,0.1673
559.2,0.00174,559.2,0.16543
559.25,0.00175,559.25,0.1646
559.3,0.00175,559.3,0.16326
559.35,0.00175,559.35,0.16165
559.4,0.00175,559.4,0.1605
559.45,0.00175,559.45,0.15939
559.5,0.00175,559.5,0.15773
559.55,0.00175,559.55,0.15633
559.6,0.00175,559.6,0.15548
559.65,0.00175,559.65,0.15425
559.7,0.00175,559.7,0.15267
559.75,0.00175,559.75,0.15202
559.8,0.00175,559.8,0.15084
559.85,0.00175,559.85,0.14944
559.9,0.00175,559.9,0.14847
559.95,0.00175,559.95,0.14764
560,0.00174,560,0.14735
560.05,0.00174,560.05,0.14765
560.1,0.00174,560.1,0.1483
560.15,0.00173,560.15,0.14981
560.2,0.00173,560.2,0.15237
560.25,0.00173,560.25,0.15476
560.3,0.00172,560.3,0.15751
560.35,0.00172,560.35,0.16116
560.4,0.00172,560.4,0.16387
560.45,0.00171,560.45,0.16552
560.5,0.00171,560.5,0.16779
560.55,0.0017,560.55,0.16844
560.6,0.00169,560.6,0.16842
560.65,0.00168,560.65,0.16789
560.7,0.00168,560.7,0.1666
560.75,0.00167,560.75,0.16543
560.8,0.00166,560.8,0.16406
560.85,0.00166,560.85,0.16254
560.9,0.00165,560.9,0.16117
560.95,0.00164,560.95,0.15994
561,0.00163,561,0.15876
561.05,0.00163,561.05,0.15813
561.1,0.00162,561.1,0.15803
561.15,0.00162,561.15,0.15842
561.2,0.00162,561.2,0.1597
561.25,0.00162,561.25,0.16132
561.3,0.00162,561.3,0.16299
561.35,0.00162,561.35,0.16627
561.4,0.00162,561.4,0.169
561.45,0.00162,561.45,0.17075
561.5,0.00162,561.5,0.17273
561.55,0.00162,561.55,0.17424
561.6,0.00162,561.6,0.17453
561.65,0.00162,561.65,0.17437
561.7,0.00161,561.7,0.17357
561.75,0.00161,561.75,0.17255
561.8,0.00161,561.8,0.1713
561.85,0.00161,561.85,0.16948
561.9,0.0016,561.9,0.16775
561.95,0.0016,561.95,0.16652
562,0.0016,562,0.16503
562.05,0.00159,562.05,0.16327
562.1,0.00159,562.1,0.16205
562.15,0.00159,562.15,0.16084
562.2,0.00158,562.2,0.15919
562.25,0.00158,562.25,0.15789
562.3,0.00158,562.3,0.15686
562.35,0.00157,562.35,0.15538
562.4,0.00157,562.4,0.15396
562.45,0.00156,562.45,0.15307
562.5,0.00155,562.5,0.15191
562.55,0.00154,562.55,0.15035
562.6,0.00154,562.6,0.14929
562.65,0.00153,562.65,0.14849
562.7,0.00152,562.7,0.14717
562.75,0.00152,562.75,0.14627
562.8,0.00151,562.8,0.14542
562.85,0.0015,562.85,0.14429
562.9,0.00149,562.9,0.14327
562.95,0.00149,562.95,0.14264
563,0.00148,563,0.14224
563.05,0.00148,563.05,0.14206
563.1,0.00148,563.1,0.14238
563.15,0.00148,563.15,0.14313
563.2,0.00147,563.2,0.14499
563.25,0.00147,563.25,0.14726
563.3,0.00147,563.3,0.14922
563.35,0.00147,563.35,0.15195
563.4,0.00147,563.4,0.15503
563.45,0.00147,563.45,0.15661
563.5,0.00146,563.5,0.15783
563.55,0.00146,563.55,0.15894
563.6,0.00146,563.6,0.15918
563.65,0.00146,563.65,0.15907
563.7,0.00145,563.7,0.15801
563.75,0.00145,563.75,0.15677
563.8,0.00144,563.8,0.15577
563.85,0.00144,563.85,0.1545
563.9,0.00143,563.9,0.15353
563.95,0.00143,563.95,0.15314
564,0.00142,564,0.15329
564.05,0.00142,564.05,0.15433
564.1,0.00142,564.1,0.15579
564.15,0.00141,564.15,0.1574
564.2,0.00141,564.2,0.16022
564.25,0.0014,564.25,0.16397
564.3,0.0014,564.3,0.16623
564.35,0.0014,564.35,0.16853
564.4,0.0014,564.4,0.17079
564.45,0.0014,564.45,0.17167
564.5,0.00139,564.5,0.17194
564.55,0.00139,564.55,0.17162
564.6,0.00139,564.6,0.17061
564.65,0.00139,564.65,0.1696
564.7,0.00139,564.7,0.16758
564.75,0.00139,564.75,0.16583
564.8,0.00138,564.8,0.16477
564.85,0.00138,564.85,0.16347
564.9,0.00138,564.9,0.16161
564.95,0.00137,564.95,0.16001
565,0.00137,565,0.15896
565.05,0.00137,565.05,0.15737
565.1,0.00136,565.1,0.15594
565.15,0.00136,565.15,0.15493
565.2,0.00135,565.2,0.15378
565.25,0.00135,565.25,0.15229
565.3,0.00134,565.3,0.15146
565.35,0.00134,565.35,0.15049
565.4,0.00133,565.4,0.14936
565.45,0.00133,565.45,0.14842
565.5,0.00133,565.5,0.14764
565.55,0.00132,565.55,0.14647
565.6,0.00132,565.6,0.14537
565.65,0.00132,565.65,0.14461
565.7,0.00132,565.7,0.14349
565.75,0.00132,565.75,0.14236
565.8,0.00132,565.8,0.14148
565.85,0.00131,565.85,0.14067
565.9,0.00131,565.9,0.13964
565.95,0.00131,565.95,0.13867
566,0.00131,566,0.13794
566.05,0.00131,566.05,0.1371
566.1,0.0013,566.1,0.13674
566.15,0.0013,566.15,0.1369
566.2,0.0013,566.2,0.13741
566.25,0.00129,566.25,0.13862
566.3,0.00128,566.3,0.14017
566.35,0.00128,566.35,0.14153
566.4,0.00127,566.4,0.14411
566.45,0.00127,566.45,0.14623
566.5,0.00126,566.5,0.14759
566.55,0.00126,566.55,0.14928
566.6,0.00125,566.6,0.15039
566.65,0.00124,566.65,0.15058
566.7,0.00124,566.7,0.15049
566.75,0.00123,566.75,0.14996
566.8,0.00123,566.8,0.14936
566.85,0.00123,566.85,0.14869
566.9,0.00122,566.9,0.14853
566.95,0.00122,566.95,0.14899
567,0.00122,567,0.14971
567.05,0.00121,567.05,0.15148
567.1,0.00121,567.1,0.15395
567.15,0.00121,567.15,0.15632
567.2,0.00121,567.2,0.1588
567.25,0.0012,567.25,0.16241
567.3,0.0012,567.3,0.16487
567.35,0.0012,567.35,0.16607
567.4,0.00119,567.4,0.16721
567.45,0.00119,567.45,0.16734
567.5,0.00118,567.5,0.16691
567.55,0.00118,567.55,0.16609
567.6,0.00118,567.6,0.16427
567.65,0.00117,567.65,0.16285
567.7,0.00117,567.7,0.16169
567.75,0.00116,567.75,0.15989
567.8,0.00116,567.8,0.15848
567.85,0.00115,567.85,0.15759
567.9,0.00115,567.9,0.15606
567.95,0.00115,567.95,0.15456
568,0.00114,568,0.15361
568.05,0.00114,568.05,0.15261
568.1,0.00113,568.1,0.15144
568.15,0.00113,568.15,0.15054
568.2,0.00112,568.2,0.15013
568.25,0.00112,568.25,0.14883
568.3,0.00112,568.3,0.14794
568.35,0.00111,568.35,0.14725
568.4,0.00111,568.4,0.14629
568.45,0.0011,568.45,0.14498
568.5,0.0011,568.5,0.1442
568.55,0.00109,568.55,0.1434
568.6,0.00109,568.6,0.14204
568.65,0.00109,568.65,0.1409
568.7,0.00108,568.7,0.14027
568.75,0.00108,568.75,0.13912
568.8,0.00108,568.8,0.13813
568.85,0.00108,568.85,0.13751
568.9,0.00108,568.9,0.13657
568.95,0.00108,568.95,0.13547
569,0.00107,569,0.13457
569.05,0.00107,569.05,0.13398
569.1,0.00107,569.1,0.13301
569.15,0.00107,569.15,0.13249
569.2,0.00107,569.2,0.13211
569.25,0.00107,569.25,0.13202
569.3,0.00106,569.3,0.13258
569.35,0.00106,569.35,0.13318
569.4,0.00106,569.4,0.13423
569.45,0.00105,569.45,0.13616
569.5,0.00105,569.5,0.13765
569.55,0.00104,569.55,0.13898
569.6,0.00104,569.6,0.14076
569.65,0.00103,569.65,0.14193
569.7,0.00103,569.7,0.14243
569.75,0.00103,569.75,0.14272
569.8,0.00102,569.8,0.14256
569.85,0.00102,569.85,0.14233
569.9,0.00101,569.9,0.14224
569.95,0.00101,569.95,0.14273
570,0.00101,570,0.14382
570.05,0.001,570.05,0.14486
570.1,0.001,570.1,0.14762
570.15,9.98E-04,570.15,0.15061
570.2,9.95E-04,570.2,0.15302
570.25,9.93E-04,570.25,0.15599
570.3,9.90E-04,570.3,0.15903
570.35,9.87E-04,570.35,0.16054
570.4,9.84E-04,570.4,0.16133
570.45,9.81E-04,570.45,0.16183
570.5,9.78E-04,570.5,0.16142
570.55,9.75E-04,570.55,0.16094
570.6,9.74E-04,570.6,0.15936
570.65,9.72E-04,570.65,0.15779
570.7,9.71E-04,570.7,0.15668
570.75,9.69E-04,570.75,0.15527
570.8,9.67E-04,570.8,0.15394
570.85,9.66E-04,570.85,0.15298
570.9,9.64E-04,570.9,0.15205
570.95,9.63E-04,570.95,0.15107
571,9.61E-04,571,0.15029
571.05,9.59E-04,571.05,0.14975
571.1,9.58E-04,571.1,0.14908
571.15,9.56E-04,571.15,0.14839
571.2,9.54E-04,571.2,0.14784
571.25,9.51E-04,571.25,0.14724
571.3,9.49E-04,571.3,0.14623
571.35,9.46E-04,571.35,0.14521
571.4,9.43E-04,571.4,0.14453
571.45,9.40E-04,571.45,0.14332
571.5,9.37E-04,571.5,0.14227
571.55,9.34E-04,571.55,0.14153
571.6,9.31E-04,571.6,0.14043
571.65,9.29E-04,571.65,0.13929
571.7,9.26E-04,571.7,0.13837
571.75,9.23E-04,571.75,0.13746
571.8,9.20E-04,571.8,0.13642
571.85,9.16E-04,571.85,0.13561
571.9,9.12E-04,571.9,0.13496
571.95,9.08E-04,571.95,0.13402
572,9.04E-04,572,0.13321
572.05,9.00E-04,572.05,0.13266
572.1,8.96E-04,572.1,0.13198
572.15,8.92E-04,572.15,0.13114
572.2,8.88E-04,572.2,0.13059
572.25,8.83E-04,572.25,0.13008
572.3,8.79E-04,572.3,0.1294
572.35,8.75E-04,572.35,0.12884
572.4,8.71E-04,572.4,0.12833
572.45,8.67E-04,572.45,0.12809
572.5,8.64E-04,572.5,0.1279
572.55,8.61E-04,572.55,0.12797
572.6,8.59E-04,572.6,0.12835
572.65,8.56E-04,572.65,0.1293
572.7,8.53E-04,572.7,0.13036
572.75,8.50E-04,572.75,0.13118
572.8,8.47E-04,572.8,0.13251
572.85,8.45E-04,572.85,0.13336
572.9,8.42E-04,572.9,0.13384
572.95,8.39E-04,572.95,0.1344
573,8.36E-04,573,0.13499
573.05,8.33E-04,573.05,0.13554
573.1,8.29E-04,573.1,0.13647
573.15,8.24E-04,573.15,0.13809
573.2,8.19E-04,573.2,0.13983
573.25,8.13E-04,573.25,0.14163
573.3,8.08E-04,573.3,0.14516
573.35,8.03E-04,573.35,0.14836
573.4,7.97E-04,573.4,0.15039
573.45,7.92E-04,573.45,0.15279
573.5,7.86E-04,573.5,0.1544
573.55,7.81E-04,573.55,0.15493
573.6,7.76E-04,573.6,0.15499
573.65,7.70E-04,573.65,0.15448
573.7,7.65E-04,573.7,0.15354
573.75,7.64E-04,573.75,0.15276
573.8,7.64E-04,573.8,0.15133
573.85,7.63E-04,573.85,0.15033
573.9,7.63E-04,573.9,0.14967
573.95,7.63E-04,573.95,0.14906
574,7.63E-04,574,0.14836
574.05,7.63E-04,574.05,0.14808
574.1,7.62E-04,574.1,0.14788
574.15,7.62E-04,574.15,0.14745
574.2,7.62E-04,574.2,0.14695
574.25,7.62E-04,574.25,0.14658
574.3,7.62E-04,574.3,0.14588
574.35,7.60E-04,574.35,0.14483
574.4,7.55E-04,574.4,0.14417
574.45,7.50E-04,574.45,0.14312
574.5,7.44E-04,574.5,0.14195
574.55,7.39E-04,574.55,0.14099
574.6,7.34E-04,574.6,0.14022
574.65,7.29E-04,574.65,0.13886
574.7,7.23E-04,574.7,0.13781
574.75,7.18E-04,574.75,0.13699
574.8,7.13E-04,574.8,0.13576
574.85,7.07E-04,574.85,0.13508
574.9,7.02E-04,574.9,0.13432
574.95,6.97E-04,574.95,0.13354
575,6.93E-04,575,0.13262
575.05,6.90E-04,575.05,0.13186
575.1,6.87E-04,575.1,0.1313
575.15,6.85E-04,575.15,0.13042
575.2,6.82E-04,575.2,0.12969
575.25,6.79E-04,575.25,0.12911
575.3,6.76E-04,575.3,0.12834
575.35,6.74E-04,575.35,0.12752
575.4,6.71E-04,575.4,0.12679
575.45,6.68E-04,575.45,0.1262
575.5,6.66E-04,575.5,0.12536
575.55,6.63E-04,575.55,0.12472
575.6,6.60E-04,575.6,0.12431
575.65,6.57E-04,575.65,0.12361
575.7,6.55E-04,575.7,0.12305
575.75,6.52E-04,575.75,0.12278
575.8,6.49E-04,575.8,0.12255
575.85,6.47E-04,575.85,0.12273
575.9,6.44E-04,575.9,0.12301
575.95,6.41E-04,575.95,0.12355
576,6.39E-04,576,0.12442
576.05,6.36E-04,576.05,0.12526
576.1,6.33E-04,576.1,0.12595
576.15,6.30E-04,576.15,0.127
576.2,6.28E-04,576.2,0.12844
576.25,6.24E-04,576.25,0.12958
576.3,6.19E-04,576.3,0.13133
576.35,6.14E-04,576.35,0.13391
576.4,6.08E-04,576.4,0.13614
576.45,6.03E-04,576.45,0.13832
576.5,5.98E-04,576.5,0.14184
576.55,5.93E-04,576.55,0.14404
576.6,5.88E-04,576.6,0.14554
576.65,5.82E-04,576.65,0.14699
576.7,5.77E-04,576.7,0.14791
576.75,5.72E-04,576.75,0.14784
576.8,5.67E-04,576.8,0.14748
576.85,5.61E-04,576.85,0.14682
576.9,5.61E-04,576.9,0.14616
576.95,5.62E-04,576.95,0.14582
577,5.63E-04,577,0.14545
577.05,5.64E-04,577.05,0.14532
577.1,5.65E-04,577.1,0.14541
577.15,5.66E-04,577.15,0.14546
577.2,5.67E-04,577.2,0.14547
577.25,5.68E-04,577.25,0.1453
577.3,5.69E-04,577.3,0.14493
577.35,5.71E-04,577.35,0.1442
577.4,5.72E-04,577.4,0.14349
577.45,5.73E-04,577.45,0.14289
577.5,5.74E-04,577.5,0.14167
577.55,5.71E-04,577.55,0.14058
577.6,5.68E-04,577.6,0.13981
577.65,5.66E-04,577.65,0.13879
577.7,5.63E-04,577.7,0.13759
577.75,5.60E-04,577.75,0.13675
577.8,5.58E-04,577.8,0.13595
577.85,5.55E-04,577.85,0.13486
577.9,5.52E-04,577.9,0.13396
577.95,5.50E-04,577.95,0.1334
578,5.47E-04,578,0.13251
578.05,5.44E-04,578.05,0.13149
578.1,5.42E-04,578.1,0.13086
578.15,5.37E-04,578.15,0.1302
578.2,5.31E-04,578.2,0.12933
578.25,5.24E-04,578.25,0.12863
578.3,5.18E-04,578.3,0.1281
578.35,5.12E-04,578.35,0.12711
578.4,5.05E-04,578.4,0.12626
578.45,4.99E-04,578.45,0.12572
578.5,4.92E-04,578.5,0.12502
578.55,4.86E-04,578.55,0.12418
578.6,4.80E-04,578.6,0.12388
578.65,4.73E-04,578.65,0.1233
578.7,4.67E-04,578.7,0.12247
578.75,4.60E-04,578.75,0.12191
578.8,4.60E-04,578.8,0.12146
578.85,4.61E-04,578.85,0.1208
578.9,4.63E-04,578.9,0.12034
578.95,4.64E-04,578.95,0.12002
579,4.65E-04,579,0.11947
579.05,4.66E-04,579.05,0.11896
579.1,4.67E-04,579.1,0.11869
579.15,4.68E-04,579.15,0.11846
579.2,4.69E-04,579.2,0.11827
579.25,4.70E-04,579.25,0.11823
579.3,4.72E-04,579.3,0.11819
579.35,4.73E-04,579.35,0.11863
579.4,4.73E-04,579.4,0.11902
579.45,4.69E-04,579.45,0.11965
579.5,4.65E-04,579.5,0.12063
579.55,4.61E-04,579.55,0.12216
579.6,4.57E-04,579.6,0.12365
579.65,4.53E-04,579.65,0.12499
579.7,4.50E-04,579.7,0.12768
579.75,4.46E-04,579.75,0.13028
579.8,4.42E-04,579.8,0.13195
579.85,4.38E-04,579.85,0.13486
579.9,4.34E-04,579.9,0.13727
579.95,4.30E-04,579.95,0.13833
580,4.26E-04,580,0.13934
580.05,4.20E-04,580.05,0.14035
580.1,4.13E-04,580.1,0.1408
580.15,4.05E-04,580.15,0.14089
580.2,3.98E-04,580.2,0.14108
580.25,3.90E-04,580.25,0.14134
580.3,3.83E-04,580.3,0.14144
580.35,3.75E-04,580.35,0.14178
580.4,3.68E-04,580.4,0.14243
580.45,3.60E-04,580.45,0.14266
580.5,3.52E-04,580.5,0.14279
580.55,3.45E-04,580.55,0.14244
580.6,3.37E-04,580.6,0.1422
580.65,3.30E-04,580.65,0.14201
580.7,3.31E-04,580.7,0.14083
580.75,3.32E-04,580.75,0.13983
580.8,3.33E-04,580.8,0.1391
580.85,3.34E-04,580.85,0.13809
580.9,3.35E-04,580.9,0.13694
580.95,3.36E-04,580.95,0.13604
581,3.38E-04,581,0.13547
581.05,3.39E-04,581.05,0.1343
581.1,3.40E-04,581.1,0.13327
581.15,3.41E-04,581.15,0.13271
581.2,3.42E-04,581.2,0.13172
581.25,3.43E-04,581.25,0.13079
581.3,3.43E-04,581.3,0.13031
581.35,3.39E-04,581.35,0.12958
581.4,3.35E-04,581.4,0.12863
581.45,3.31E-04,581.45,0.12778
581.5,3.28E-04,581.5,0.12746
581.55,3.24E-04,581.55,0.12637
581.6,3.20E-04,581.6,0.12574
581.65,3.16E-04,581.65,0.12524
581.7,3.13E-04,581.7,0.12445
581.75,3.09E-04,581.75,0.1238
581.8,3.05E-04,581.8,0.12322
581.85,3.01E-04,581.85,0.12278
581.9,2.97E-04,581.9,0.12199
581.95,2.95E-04,581.95,0.12151
582,2.94E-04,582,0.1212
582.05,2.93E-04,582.05,0.12068
582.1,2.91E-04,582.1,0.12011
582.15,2.90E-04,582.15,0.11985
582.2,2.89E-04,582.2,0.1194
582.25,2.88E-04,582.25,0.11883
582.3,2.86E-04,582.3,0.11854
582.35,2.85E-04,582.35,0.11812
582.4,2.84E-04,582.4,0.11758
582.45,2.82E-04,582.45,0.11708
582.5,2.81E-04,582.5,0.11685
582.55,2.80E-04,582.55,0.11624
582.6,2.77E-04,582.6,0.11575
582.65,2.75E-04,582.65,0.11554
582.7,2.72E-04,582.7,0.11506
582.75,2.70E-04,582.75,0.11458
582.8,2.67E-04,582.8,0.11443
582.85,2.65E-04,582.85,0.11423
582.9,2.62E-04,582.9,0.11407
582.95,2.60E-04,582.95,0.11408
583,2.57E-04,583,0.11412
583.05,2.55E-04,583.05,0.11488
583.1,2.52E-04,583.1,0.11611
583.15,2.49E-04,583.15,0.11717
583.2,2.46E-04,583.2,0.11891
583.25,2.43E-04,583.25,0.12135
583.3,2.39E-04,583.3,0.12297
583.35,2.35E-04,583.35,0.1245
583.4,2.31E-04,583.4,0.12765
583.45,2.28E-04,583.45,0.12974
583.5,2.24E-04,583.5,0.13095
583.55,2.20E-04,583.55,0.13286
583.6,2.17E-04,583.6,0.13437
583.65,2.13E-04,583.65,0.13506
583.7,2.09E-04,583.7,0.13585
583.75,2.05E-04,583.75,0.13697
583.8,2.02E-04,583.8,0.13771
583.85,2.01E-04,583.85,0.13829
583.9,2.01E-04,583.9,0.13899
583.95,2.01E-04,583.95,0.13929
584,2.01E-04,584,0.13931
584.05,2.01E-04,584.05,0.1391
584.1,2.01E-04,584.1,0.13861
584.15,2.01E-04,584.15,0.13826
584.2,2.01E-04,584.2,0.13752
584.25,2.01E-04,584.25,0.13629
584.3,2.01E-04,584.3,0.13551
584.35,2.01E-04,584.35,0.13498
584.4,2.00E-04,584.4,0.13381
584.45,1.99E-04,584.45,0.13284
584.5,1.93E-04,584.5,0.13226
584.55,1.87E-04,584.55,0.13136
584.6,1.81E-04,584.6,0.1304
584.65,1.75E-04,584.65,0.12999
584.7,1.68E-04,584.7,0.12939
584.75,1.62E-04,584.75,0.12835
584.8,1.56E-04,584.8,0.12762
584.85,1.50E-04,584.85,0.12714
584.9,1.44E-04,584.9,0.12626
584.95,1.38E-04,584.95,0.12548
585,1.32E-04,585,0.12518
585.05,1.25E-04,585.05,0.12463
585.1,1.22E-04,585.1,0.12362
585.15,1.19E-04,585.15,0.12319
585.2,1.17E-04,585.2,0.12281
585.25,1.14E-04,585.25,0.12212
585.3,1.12E-04,585.3,0.12165
585.35,1.09E-04,585.35,0.1214
585.4,1.07E-04,585.4,0.12079
585.45,1.04E-04,585.45,0.12026
585.5,1.02E-04,585.5,0.11977
585.55,9.94E-05,585.55,0.11944
585.6,9.69E-05,585.6,0.11887
585.65,9.45E-05,585.65,0.11853
585.7,9.20E-05,585.7,0.1182
585.75,9.08E-05,585.75,0.11767
585.8,8.95E-05,585.8,0.11716
585.85,8.83E-05,585.85,0.11674
585.9,8.71E-05,585.9,0.11629
585.95,8.59E-05,585.95,0.11566
586,8.46E-05,586,0.1154
586.05,8.34E-05,586.05,0.115
586.1,8.22E-05,586.1,0.11436
586.15,8.09E-05,586.15,0.11389
586.2,7.97E-05,586.2,0.11364
586.25,7.85E-05,586.25,0.11313
586.3,7.72E-05,586.3,0.11278
586.35,7.52E-05,586.35,0.11249
586.4,7.15E-05,586.4,0.11219
586.45,6.79E-05,586.45,0.11175
586.5,6.43E-05,586.5,0.11147
586.55,6.06E-05,586.55,0.11121
586.6,5.70E-05,586.6,0.11076
586.65,5.33E-05,586.65,0.11055
586.7,4.97E-05,586.7,0.11049
586.75,4.61E-05,586.75,0.11058
586.8,4.24E-05,586.8,0.11116
586.85,3.88E-05,586.85,0.11185
586.9,3.51E-05,586.9,0.11281
586.95,3.15E-05,586.95,0.11465
587,2.87E-05,587,0.11643
587.05,2.63E-05,587.05,0.11793
587.1,2.39E-05,587.1,0.12067
587.15,2.15E-05,587.15,0.12355
587.2,1.91E-05,587.2,0.12535
587.25,1.67E-05,587.25,0.12747
587.3,1.42E-05,587.3,0.12997
587.35,1.18E-05,587.35,0.13119
587.4,9.42E-06,587.4,0.13244
587.45,7.00E-06,587.45,0.13396
587.5,4.59E-06,587.5,0.13466
587.55,2.17E-06,587.55,0.13508
587.6,-1.21E-07,587.6,0.13522
587.65,-1.32E-06,587.65,0.13492
587.7,-2.52E-06,587.7,0.13465
587.75,-3.72E-06,587.75,0.13403
587.8,-4.92E-06,587.8,0.13303
587.85,-6.12E-06,587.85,0.13224
587.9,-7.33E-06,587.9,0.1317
587.95,-8.53E-06,587.95,0.13078
588,-9.73E-06,588,0.13006
588.05,-1.09E-05,588.05,0.12961
588.1,-1.21E-05,588.1,0.12864
588.15,-1.33E-05,588.15,0.12771
588.2,-1.45E-05,588.2,0.12716
588.25,-1.75E-05,588.25,0.12641
588.3,-2.22E-05,588.3,0.12562
588.35,-2.70E-05,588.35,0.12495
588.4,-3.18E-05,588.4,0.12455
588.45,-3.66E-05,588.45,0.12381
588.5,-4.14E-05,588.5,0.12315
588.55,-4.62E-05,588.55,0.12266
588.6,-5.10E-05,588.6,0.12217
588.65,-5.57E-05,588.65,0.12148
588.7,-6.05E-05,588.7,0.12113
588.75,-6.53E-05,588.75,0.12062
588.8,-7.01E-05,588.8,0.12014
588.85,-7.49E-05,588.85,0.11962
588.9,-7.45E-05,588.9,0.11907
588.95,-7.33E-05,588.95,0.11848
589,-7.21E-05,589,0.118
589.05,-7.09E-05,589.05,0.11755
589.1,-6.97E-05,589.1,0.11703
589.15,-6.85E-05,589.15,0.11651
589.2,-6.73E-05,589.2,0.11608
589.25,-6.61E-05,589.25,0.11561
589.3,-6.48E-05,589.3,0.11506
589.35,-6.36E-05,589.35,0.11467
589.4,-6.24E-05,589.4,0.1144
589.45,-6.12E-05,589.45,0.11387
589.5,-6.13E-05,589.5,0.11327
589.55,-6.61E-05,589.55,0.11295
589.6,-7.08E-05,589.6,0.11264
589.65,-7.56E-05,589.65,0.11215
589.7,-8.03E-05,589.7,0.11186
589.75,-8.51E-05,589.75,0.11165
589.8,-8.98E-05,589.8,0.11109
589.85,-9.46E-05,589.85,0.11072
589.9,-9.93E-05,589.9,0.11058
589.95,-1.04E-04,589.95,0.11018
590,-1.09E-04,590,0.1097
590.05,-1.14E-04,590.05,0.10949
590.1,-1.18E-04,590.1,0.10921
590.15,-1.19E-04,590.15,0.10892
590.2,-1.18E-04,590.2,0.10862
590.25,-1.17E-04,590.25,0.1083
590.3,-1.16E-04,590.3,0.10796
590.35,-1.15E-04,590.35,0.10776
590.4,-1.13E-04,590.4,0.10762
590.45,-1.12E-04,590.45,0.10746
590.5,-1.11E-04,590.5,0.10771
590.55,-1.10E-04,590.55,0.10818
590.6,-1.09E-04,590.6,0.10889
590.65,-1.07E-04,590.65,0.11045
590.7,-1.06E-04,590.7,0.11197
590.75,-1.05E-04,590.75,0.11351
590.8,-1.12E-04,590.8,0.11649
590.85,-1.19E-04,590.85,0.11953
590.9,-1.26E-04,590.9,0.1217
590.95,-1.33E-04,590.95,0.12451
591,-1.40E-04,591,0.12716
591.05,-1.47E-04,591.05,0.12866
591.1,-1.54E-04,591.1,0.1295
591.15,-1.61E-04,591.15,0.1304
591.2,-1.69E-04,591.2,0.13062
591.25,-1.76E-04,591.25,0.13058
591.3,-1.83E-04,591.3,0.1303
591.35,-1.90E-04,591.35,0.12974
591.4,-1.95E-04,591.4,0.12929
591.45,-1.96E-04,591.45,0.1287
591.5,-1.97E-04,591.5,0.12791
591.55,-1.98E-04,591.55,0.12724
591.6,-1.99E-04,591.6,0.12679
591.65,-2.00E-04,591.65,0.12597
591.7,-2.02E-04,591.7,0.12534
591.75,-2.03E-04,591.75,0.1248
591.8,-2.04E-04,591.8,0.12422
591.85,-2.05E-04,591.85,0.12335
591.9,-2.06E-04,591.9,0.12292
591.95,-2.07E-04,591.95,0.12232
592,-2.08E-04,592,0.12158
592.05,-2.09E-04,592.05,0.12122
592.1,-2.11E-04,592.1,0.1207
592.15,-2.12E-04,592.15,0.12005
592.2,-2.13E-04,592.2,0.11952
592.25,-2.14E-04,592.25,0.11904
592.3,-2.15E-04,592.3,0.11854
592.35,-2.16E-04,592.35,0.11793
592.4,-2.17E-04,592.4,0.11748
592.45,-2.18E-04,592.45,0.11709
592.5,-2.20E-04,592.5,0.11638
592.55,-2.21E-04,592.55,0.11604
592.6,-2.22E-04,592.6,0.11567
592.65,-2.23E-04,592.65,0.11497
592.7,-2.25E-04,592.7,0.1146
592.75,-2.28E-04,592.75,0.11427
592.8,-2.30E-04,592.8,0.11375
592.85,-2.32E-04,592.85,0.11324
592.9,-2.35E-04,592.9,0.11291
592.95,-2.37E-04,592.95,0.11247
593,-2.39E-04,593,0.11215
593.05,-2.42E-04,593.05,0.11163
593.1,-2.44E-04,593.1,0.1114
593.15,-2.46E-04,593.15,0.11099
593.2,-2.48E-04,593.2,0.11063
593.25,-2.51E-04,593.25,0.11028
593.3,-2.55E-04,593.3,0.11002
593.35,-2.60E-04,593.35,0.10965
593.4,-2.66E-04,593.4,0.10923
593.45,-2.72E-04,593.45,0.10908
593.5,-2.78E-04,593.5,0.10868
593.55,-2.84E-04,593.55,0.1084
593.6,-2.89E-04,593.6,0.10815
593.65,-2.95E-04,593.65,0.10779
593.7,-3.01E-04,593.7,0.10752
593.75,-3.07E-04,593.75,0.10735
593.8,-3.13E-04,593.8,0.10715
593.85,-3.18E-04,593.85,0.10678
593.9,-3.24E-04,593.9,0.10651
593.95,-3.23E-04,593.95,0.10634
594,-3.21E-04,594,0.10612
594.05,-3.18E-04,594.05,0.10588
594.1,-3.16E-04,594.1,0.10572
594.15,-3.13E-04,594.15,0.10546
594.2,-3.11E-04,594.2,0.10535
594.25,-3.09E-04,594.25,0.1052
594.3,-3.06E-04,594.3,0.10531
594.35,-3.04E-04,594.35,0.10607
594.4,-3.01E-04,594.4,0.10695
594.45,-2.99E-04,594.45,0.10791
594.5,-2.97E-04,594.5,0.11006
594.55,-2.95E-04,594.55,0.11266
594.6,-2.98E-04,594.6,0.11471
594.65,-3.00E-04,594.65,0.11728
594.7,-3.02E-04,594.7,0.12022
594.75,-3.04E-04,594.75,0.12207
594.8,-3.07E-04,594.8,0.12329
594.85,-3.09E-04,594.85,0.12505
594.9,-3.11E-04,594.9,0.12583
594.95,-3.13E-04,594.95,0.1261
595,-3.16E-04,595,0.12619
595.05,-3.18E-04,595.05,0.12592
595.1,-3.20E-04,595.1,0.12557
595.15,-3.22E-04,595.15,0.12503
595.2,-3.25E-04,595.2,0.12437
595.25,-3.27E-04,595.25,0.12379
595.3,-3.29E-04,595.3,0.12329
595.35,-3.31E-04,595.35,0.12258
595.4,-3.34E-04,595.4,0.12192
595.45,-3.36E-04,595.45,0.12152
595.5,-3.38E-04,595.5,0.12087
595.55,-3.40E-04,595.55,0.12019
595.6,-3.43E-04,595.6,0.11967
595.65,-3.45E-04,595.65,0.11915
595.7,-3.47E-04,595.7,0.11855
595.75,-3.50E-04,595.75,0.11805
595.8,-3.52E-04,595.8,0.1176
595.85,-3.53E-04,595.85,0.11707
595.9,-3.54E-04,595.9,0.11651
595.95,-3.55E-04,595.95,0.11615
596,-3.56E-04,596,0.11562
596.05,-3.57E-04,596.05,0.11491
596.1,-3.58E-04,596.1,0.11467
596.15,-3.59E-04,596.15,0.11435
596.2,-3.60E-04,596.2,0.11383
596.25,-3.61E-04,596.25,0.1133
596.3,-3.63E-04,596.3,0.11303
596.35,-3.64E-04,596.35,0.11257
596.4,-3.65E-04,596.4,0.11212
596.45,-3.68E-04,596.45,0.11185
596.5,-3.75E-04,596.5,0.11143
596.55,-3.82E-04,596.55,0.11097
596.6,-3.88E-04,596.6,0.11065
596.65,-3.95E-04,596.65,0.11041
596.7,-4.02E-04,596.7,0.10999
596.75,-4.09E-04,596.75,0.10963
596.8,-4.16E-04,596.8,0.10938
596.85,-4.23E-04,596.85,0.10916
596.9,-4.30E-04,596.9,0.10862
596.95,-4.36E-04,596.95,0.10841
597,-4.43E-04,597,0.10808
597.05,-4.50E-04,597.05,0.10773
597.1,-4.50E-04,597.1,0.10745
597.15,-4.48E-04,597.15,0.10717
597.2,-4.45E-04,597.2,0.10688
597.25,-4.43E-04,597.25,0.1067
597.3,-4.40E-04,597.3,0.10641
597.35,-4.38E-04,597.35,0.10616
597.4,-4.36E-04,597.4,0.10598
597.45,-4.33E-04,597.45,0.10568
597.5,-4.31E-04,597.5,0.10553
597.55,-4.28E-04,597.55,0.10519
597.6,-4.26E-04,597.6,0.10498
597.65,-4.24E-04,597.65,0.10481
597.7,-4.22E-04,597.7,0.10444
597.75,-4.27E-04,597.75,0.10427
597.8,-4.31E-04,597.8,0.10406
597.85,-4.36E-04,597.85,0.10395
597.9,-4.40E-04,597.9,0.10368
597.95,-4.45E-04,597.95,0.10351
598,-4.49E-04,598,0.10342
598.05,-4.54E-04,598.05,0.10335
598.1,-4.58E-04,598.1,0.10346
598.15,-4.63E-04,598.15,0.10368
598.2,-4.67E-04,598.2,0.10438
598.25,-4.72E-04,598.25,0.10579
598.3,-4.76E-04,598.3,0.10697
598.35,-4.80E-04,598.35,0.10899
598.4,-4.84E-04,598.4,0.11174
598.45,-4.87E-04,598.45,0.11378
598.5,-4.90E-04,598.5,0.11542
598.55,-4.94E-04,598.55,0.11813
598.6,-4.97E-04,598.6,0.12
598.65,-5.00E-04,598.65,0.12076
598.7,-5.04E-04,598.7,0.12157
598.75,-5.07E-04,598.75,0.1221
598.8,-5.10E-04,598.8,0.12193
598.85,-5.14E-04,598.85,0.12176
598.9,-5.17E-04,598.9,0.12108
598.95,-5.20E-04,598.95,0.12057
599,-5.21E-04,599,0.12014
599.05,-5.20E-04,599.05,0.11944
599.1,-5.20E-04,599.1,0.11885
599.15,-5.20E-04,599.15,0.11852
599.2,-5.20E-04,599.2,0.11789
599.25,-5.20E-04,599.25,0.11727
599.3,-5.20E-04,599.3,0.11678
599.35,-5.20E-04,599.35,0.11644
599.4,-5.20E-04,599.4,0.1158
599.45,-5.20E-04,599.45,0.11534
599.5,-5.20E-04,599.5,0.11497
599.55,-5.19E-04,599.55,0.11446
599.6,-5.19E-04,599.6,0.11397
599.65,-5.19E-04,599.65,0.11358
599.7,-5.19E-04,599.7,0.11313
599.75,-5.19E-04,599.75,0.11263
599.8,-5.19E-04,599.8,0.11222
599.85,-5.19E-04,599.85,0.11205
599.9,-5.19E-04,599.9,0.11151
599.95,-5.19E-04,599.95,0.11113
600,-5.18E-04,600,0.11077
600.05,-5.18E-04,600.05,0.11034
600.1,-5.18E-04,600.1,0.11001
600.15,-5.18E-04,600.15,0.10981
600.2,-5.18E-04,600.2,0.10934
600.25,-5.20E-04,600.25,0.10898
600.3,-5.23E-04,600.3,0.10865
600.35,-5.27E-04,600.35,0.10826
600.4,-5.30E-04,600.4,0.10797
600.45,-5.33E-04,600.45,0.10769
600.5,-5.37E-04,600.5,0.10743
600.55,-5.40E-04,600.55,0.10718
600.6,-5.43E-04,600.6,0.1068
600.65,-5.46E-04,600.65,0.10663
600.7,-5.50E-04,600.7,0.10636
600.75,-5.53E-04,600.75,0.10603
600.8,-5.56E-04,600.8,0.10578
600.85,-5.60E-04,600.85,0.10565
600.9,-5.61E-04,600.9,0.10533
600.95,-5.62E-04,600.95,0.10502
601,-5.63E-04,601,0.10483
601.05,-5.64E-04,601.05,0.10449
601.1,-5.65E-04,601.1,0.10436
601.15,-5.66E-04,601.15,0.10416
601.2,-5.67E-04,601.2,0.10399
601.25,-5.68E-04,601.25,0.10377
601.3,-5.69E-04,601.3,0.10349
601.35,-5.70E-04,601.35,0.10339
601.4,-5.71E-04,601.4,0.10319
601.45,-5.72E-04,601.45,0.10296
601.5,-5.73E-04,601.5,0.1029
601.55,-5.74E-04,601.55,0.10264
601.6,-5.75E-04,601.6,0.10247
601.65,-5.76E-04,601.65,0.10234
601.7,-5.77E-04,601.7,0.10214
601.75,-5.78E-04,601.75,0.10196
601.8,-5.79E-04,601.8,0.10187
601.85,-5.80E-04,601.85,0.10179
601.9,-5.81E-04,601.9,0.10185
601.95,-5.82E-04,601.95,0.10224
602,-5.83E-04,602,0.10264
602.05,-5.84E-04,602.05,0.10345
602.1,-5.85E-04,602.1,0.10496
602.15,-5.86E-04,602.15,0.10633
602.2,-5.87E-04,602.2,0.10749
602.25,-5.88E-04,602.25,0.10999
602.3,-5.89E-04,602.3,0.11224
602.35,-5.90E-04,602.35,0.11353
602.4,-5.91E-04,602.4,0.1151
602.45,-5.92E-04,602.45,0.11644
602.5,-5.93E-04,602.5,0.11696
602.55,-5.94E-04,602.55,0.11723
602.6,-5.95E-04,602.6,0.11735
602.65,-5.96E-04,602.65,0.11721
602.7,-5.97E-04,602.7,0.11689
602.75,-5.99E-04,602.75,0.11654
602.8,-6.02E-04,602.8,0.11612
602.85,-6.05E-04,602.85,0.11582
602.9,-6.09E-04,602.9,0.11539
602.95,-6.12E-04,602.95,0.1148
603,-6.15E-04,603,0.11451
603.05,-6.18E-04,603.05,0.11405
603.1,-6.22E-04,603.1,0.11357
603.15,-6.25E-04,603.15,0.11323
603.2,-6.28E-04,603.2,0.11294
603.25,-6.31E-04,603.25,0.11247
603.3,-6.35E-04,603.3,0.11206
603.35,-6.38E-04,603.35,0.11163
603.4,-6.40E-04,603.4,0.11131
603.45,-6.41E-04,603.45,0.11084
603.5,-6.42E-04,603.5,0.11056
603.55,-6.43E-04,603.55,0.11026
603.6,-6.44E-04,603.6,0.10973
603.65,-6.45E-04,603.65,0.10938
603.7,-6.46E-04,603.7,0.1091
603.75,-6.47E-04,603.75,0.10879
603.8,-6.48E-04,603.8,0.10835
603.85,-6.49E-04,603.85,0.10806
603.9,-6.50E-04,603.9,0.1078
603.95,-6.51E-04,603.95,0.10742
604,-6.52E-04,604,0.10717
604.05,-6.54E-04,604.05,0.10694
604.1,-6.56E-04,604.1,0.1066
604.15,-6.58E-04,604.15,0.10633
604.2,-6.60E-04,604.2,0.10617
604.25,-6.62E-04,604.25,0.10585
604.3,-6.64E-04,604.3,0.10561
604.35,-6.66E-04,604.35,0.10529
604.4,-6.69E-04,604.4,0.10516
604.45,-6.71E-04,604.45,0.10486
604.5,-6.73E-04,604.5,0.10462
604.55,-6.75E-04,604.55,0.10454
604.6,-6.77E-04,604.6,0.10421
604.65,-6.79E-04,604.65,0.10399
604.7,-6.83E-04,604.7,0.10383
604.75,-6.86E-04,604.75,0.10357
604.8,-6.89E-04,604.8,0.10336
604.85,-6.92E-04,604.85,0.10312
604.9,-6.96E-04,604.9,0.10308
604.95,-6.99E-04,604.95,0.10283
605,-7.02E-04,605,0.10261
605.05,-7.05E-04,605.05,0.10252
605.1,-7.08E-04,605.1,0.10217
605.15,-7.12E-04,605.15,0.10213
605.2,-7.15E-04,605.2,0.10203
605.25,-7.18E-04,605.25,0.1019
605.3,-7.21E-04,605.3,0.10166
605.35,-7.23E-04,605.35,0.10146
605.4,-7.25E-04,605.4,0.10136
605.45,-7.27E-04,605.45,0.10128
605.5,-7.29E-04,605.5,0.10116
605.55,-7.31E-04,605.55,0.10103
605.6,-7.33E-04,605.6,0.1009
605.65,-7.35E-04,605.65,0.10068
605.7,-7.37E-04,605.7,0.10063
605.75,-7.39E-04,605.75,0.10063
605.8,-7.42E-04,605.8,0.10075
605.85,-7.44E-04,605.85,0.10081
605.9,-7.46E-04,605.9,0.1011
605.95,-7.46E-04,605.95,0.10201
606,-7.45E-04,606,0.10307
606.05,-7.45E-04,606.05,0.10397
606.1,-7.45E-04,606.1,0.10533
606.15,-7.45E-04,606.15,0.10708
606.2,-7.45E-04,606.2,0.10841
606.25,-7.45E-04,606.25,0.10952
606.3,-7.45E-04,606.3,0.11093
606.35,-7.44E-04,606.35,0.11188
606.4,-7.44E-04,606.4,0.11243
606.45,-7.44E-04,606.45,0.1129
606.5,-7.44E-04,606.5,0.11314
606.55,-7.45E-04,606.55,0.11323
606.6,-7.48E-04,606.6,0.11314
606.65,-7.51E-04,606.65,0.11298
606.7,-7.55E-04,606.7,0.11294
606.75,-7.58E-04,606.75,0.1126
606.8,-7.61E-04,606.8,0.11229
606.85,-7.64E-04,606.85,0.11194
606.9,-7.67E-04,606.9,0.11178
606.95,-7.71E-04,606.95,0.11138
607,-7.74E-04,607,0.11069
607.05,-7.77E-04,607.05,0.11053
607.1,-7.80E-04,607.1,0.11015
607.15,-7.83E-04,607.15,0.10969
607.2,-7.86E-04,607.2,0.10949
607.25,-7.90E-04,607.25,0.10919
607.3,-7.93E-04,607.3,0.10881
607.35,-7.96E-04,607.35,0.10843
607.4,-7.99E-04,607.4,0.10826
607.45,-8.02E-04,607.45,0.10784
607.5,-8.05E-04,607.5,0.10741
607.55,-8.09E-04,607.55,0.10725
607.6,-8.12E-04,607.6,0.10706
607.65,-8.15E-04,607.65,0.10671
607.7,-8.18E-04,607.7,0.10635
607.75,-8.21E-04,607.75,0.10626
607.8,-8.24E-04,607.8,0.10585
607.85,-8.21E-04,607.85,0.10555
607.9,-8.19E-04,607.9,0.10527
607.95,-8.16E-04,607.95,0.10503
608,-8.14E-04,608,0.10479
608.05,-8.12E-04,608.05,0.10466
608.1,-8.09E-04,608.1,0.10447
608.15,-8.07E-04,608.15,0.10416
608.2,-8.05E-04,608.2,0.10395
608.25,-8.02E-04,608.25,0.10384
608.3,-8.00E-04,608.3,0.10358
608.35,-7.98E-04,608.35,0.10327
608.4,-7.95E-04,608.4,0.10309
608.45,-7.95E-04,608.45,0.10294
608.5,-7.97E-04,608.5,0.10282
608.55,-7.99E-04,608.55,0.10265
608.6,-8.01E-04,608.6,0.10249
608.65,-8.03E-04,608.65,0.10223
608.7,-8.05E-04,608.7,0.10204
608.75,-8.07E-04,608.75,0.10191
608.8,-8.10E-04,608.8,0.10176
608.85,-8.12E-04,608.85,0.10156
608.9,-8.14E-04,608.9,0.10147
608.95,-8.16E-04,608.95,0.10128
609,-8.18E-04,609,0.10105
609.05,-8.20E-04,609.05,0.10088
609.1,-8.21E-04,609.1,0.10087
609.15,-8.22E-04,609.15,0.1007
609.2,-8.23E-04,609.2,0.10055
609.25,-8.24E-04,609.25,0.10041
609.3,-8.25E-04,609.3,0.10029
609.35,-8.26E-04,609.35,0.10022
609.4,-8.27E-04,609.4,0.10007
609.45,-8.28E-04,609.45,0.1
609.5,-8.28E-04,609.5,0.09983
609.55,-8.29E-04,609.55,0.09979
609.6,-8.30E-04,609.6,0.09968
609.65,-8.31E-04,609.65,0.09961
609.7,-8.33E-04,609.7,0.09964
609.75,-8.36E-04,609.75,0.09978
609.8,-8.39E-04,609.8,0.10017
609.85,-8.42E-04,609.85,0.10066
609.9,-8.45E-04,609.9,0.10125
609.95,-8.48E-04,609.95,0.10182
610,-8.52E-04,610,0.10309
610.05,-8.55E-04,610.05,0.1042
610.1,-8.58E-04,610.1,0.10506
610.15,-8.61E-04,610.15,0.10633
610.2,-8.64E-04,610.2,0.10744
610.25,-8.67E-04,610.25,0.10806
610.3,-8.70E-04,610.3,0.10872
610.35,-8.73E-04,610.35,0.10928
610.4,-8.75E-04,610.4,0.10956
610.45,-8.77E-04,610.45,0.10961
610.5,-8.79E-04,610.5,0.10956
610.55,-8.81E-04,610.55,0.10955
610.6,-8.83E-04,610.6,0.10943
610.65,-8.85E-04,610.65,0.10925
610.7,-8.87E-04,610.7,0.10906
610.75,-8.89E-04,610.75,0.10888
610.8,-8.91E-04,610.8,0.10861
610.85,-8.93E-04,610.85,0.10835
610.9,-8.95E-04,610.9,0.10815
610.95,-8.97E-04,610.95,0.10797
611,-8.98E-04,611,0.10761
611.05,-8.99E-04,611.05,0.10725
611.1,-9.00E-04,611.1,0.107
611.15,-9.01E-04,611.15,0.1067
611.2,-9.01E-04,611.2,0.1064
611.25,-9.02E-04,611.25,0.10613
611.3,-9.03E-04,611.3,0.10592
611.35,-9.04E-04,611.35,0.10556
611.4,-9.05E-04,611.4,0.10528
611.45,-9.06E-04,611.45,0.10516
611.5,-9.07E-04,611.5,0.10488
611.55,-9.08E-04,611.55,0.10458
611.6,-9.10E-04,611.6,0.10442
611.65,-9.13E-04,611.65,0.10411
611.7,-9.16E-04,611.7,0.10391
611.75,-9.19E-04,611.75,0.1037
611.8,-9.22E-04,611.8,0.10356
611.85,-9.25E-04,611.85,0.10331
611.9,-9.28E-04,611.9,0.10309
611.95,-9.31E-04,611.95,0.10301
612,-9.34E-04,612,0.10276
612.05,-9.38E-04,612.05,0.10244
612.1,-9.41E-04,612.1,0.10245
612.15,-9.44E-04,612.15,0.10226
612.2,-9.47E-04,612.2,0.10205
612.25,-9.45E-04,612.25,0.10186
612.3,-9.41E-04,612.3,0.10171
612.35,-9.38E-04,612.35,0.10151
612.4,-9.35E-04,612.4,0.10131
612.45,-9.31E-04,612.45,0.10127
612.5,-9.28E-04,612.5,0.10105
612.55,-9.24E-04,612.55,0.10089
612.6,-9.21E-04,612.6,0.10073
612.65,-9.17E-04,612.65,0.10059
612.7,-9.14E-04,612.7,0.10048
612.75,-9.10E-04,612.75,0.1003
612.8,-9.07E-04,612.8,0.10028
612.85,-9.05E-04,612.85,0.10016
612.9,-9.08E-04,612.9,0.09996
612.95,-9.11E-04,612.95,0.09992
613,-9.14E-04,613,0.0998
613.05,-9.17E-04,613.05,0.0997
613.1,-9.20E-04,613.1,0.09955
613.15,-9.23E-04,613.15,0.09952
613.2,-9.26E-04,613.2,0.09931
613.25,-9.29E-04,613.25,0.09924
613.3,-9.32E-04,613.3,0.09916
613.35,-9.36E-04,613.35,0.0991
613.4,-9.39E-04,613.4,0.09893
613.45,-9.42E-04,613.45,0.0989
613.5,-9.43E-04,613.5,0.09883
613.55,-9.43E-04,613.55,0.09882
613.6,-9.43E-04,613.6,0.09881
613.65,-9.43E-04,613.65,0.09887
613.7,-9.42E-04,613.7,0.09908
613.75,-9.42E-04,613.75,0.09945
613.8,-9.42E-04,613.8,0.09968
613.85,-9.42E-04,613.85,0.10029
613.9,-9.42E-04,613.9,0.10105
613.95,-9.42E-04,613.95,0.1016
614,-9.41E-04,614,0.10221
614.05,-9.41E-04,614.05,0.10316
614.1,-9.41E-04,614.1,0.10385
614.15,-9.44E-04,614.15,0.10419
614.2,-9.47E-04,614.2,0.10489
614.25,-9.50E-04,614.25,0.10535
614.3,-9.53E-04,614.3,0.10555
614.35,-9.56E-04,614.35,0.10607
614.4,-9.59E-04,614.4,0.10634
614.45,-9.62E-04,614.45,0.10656
614.5,-9.65E-04,614.5,0.10659
614.55,-9.68E-04,614.55,0.10674
614.6,-9.71E-04,614.6,0.10678
614.65,-9.74E-04,614.65,0.10657
614.7,-9.78E-04,614.7,0.10664
614.75,-9.81E-04,614.75,0.10625
614.8,-9.85E-04,614.8,0.10611
614.85,-9.89E-04,614.85,0.10599
614.9,-9.93E-04,614.9,0.10565
614.95,-9.97E-04,614.95,0.10561
615,-0.001,615,0.10537
615.05,-0.00101,615.05,0.10518
615.1,-0.00101,615.1,0.105
615.15,-0.00101,615.15,0.1049
615.2,-0.00102,615.2,0.10461
615.25,-0.00102,615.25,0.10441
615.3,-0.00103,615.3,0.10425
615.35,-0.00103,615.35,0.10406
615.4,-0.00103,615.4,0.10373
615.45,-0.00103,615.45,0.10356
615.5,-0.00103,615.5,0.10348
615.55,-0.00104,615.55,0.1032
615.6,-0.00104,615.6,0.10304
615.65,-0.00104,615.65,0.10288
615.7,-0.00104,615.7,0.10262
615.75,-0.00104,615.75,0.10246
615.8,-0.00104,615.8,0.10227
615.85,-0.00104,615.85,0.10216
615.9,-0.00104,615.9,0.10191
615.95,-0.00104,615.95,0.10187
616,-0.00104,616,0.10178
616.05,-0.00104,616.05,0.10144
616.1,-0.00104,616.1,0.10135
616.15,-0.00104,616.15,0.10131
616.2,-0.00104,616.2,0.10106
616.25,-0.00104,616.25,0.10083
616.3,-0.00104,616.3,0.10075
616.35,-0.00104,616.35,0.1007
616.4,-0.00104,616.4,0.10052
616.45,-0.00104,616.45,0.10044
616.5,-0.00104,616.5,0.10028
616.55,-0.00104,616.55,0.10014
616.6,-0.00104,616.6,0.10002
616.65,-0.00104,616.65,0.09996
616.7,-0.00104,616.7,0.09983
616.75,-0.00104,616.75,0.09973
616.8,-0.00104,616.8,0.09962
616.85,-0.00104,616.85,0.09948
616.9,-0.00105,616.9,0.0994
616.95,-0.00105,616.95,0.09935
617,-0.00105,617,0.09923
617.05,-0.00105,617.05,0.09913
617.1,-0.00105,617.1,0.09904
617.15,-0.00105,617.15,0.09895
617.2,-0.00105,617.2,0.09886
617.25,-0.00105,617.25,0.09878
617.3,-0.00105,617.3,0.09866
617.35,-0.00106,617.35,0.09867
617.4,-0.00106,617.4,0.09861
617.45,-0.00106,617.45,0.09846
617.5,-0.00106,617.5,0.09844
617.55,-0.00106,617.55,0.09828
617.6,-0.00107,617.6,0.09829
617.65,-0.00107,617.65,0.09827
617.7,-0.00107,617.7,0.09824
617.75,-0.00107,617.75,0.09823
617.8,-0.00107,617.8,0.09821
617.85,-0.00108,617.85,0.0983
617.9,-0.00108,617.9,0.09855
617.95,-0.00108,617.95,0.09868
618,-0.00108,618,0.09872
618.05,-0.00108,618.05,0.09912
618.1,-0.00108,618.1,0.09971
618.15,-0.00109,618.15,0.0999
618.2,-0.00109,618.2,0.10038
618.25,-0.00109,618.25,0.1011
618.3,-0.00109,618.3,0.10143
618.35,-0.00109,618.35,0.10171
618.4,-0.0011,618.4,0.1026
618.45,-0.0011,618.45,0.10293
618.5,-0.0011,618.5,0.10316
618.55,-0.0011,618.55,0.10331
618.6,-0.0011,618.6,0.10355
618.65,-0.00111,618.65,0.10368
618.7,-0.00111,618.7,0.10364
618.75,-0.00111,618.75,0.10375
618.8,-0.00111,618.8,0.1038
618.85,-0.00111,618.85,0.10385
618.9,-0.00112,618.9,0.10395
618.95,-0.00112,618.95,0.10413
619,-0.00112,619,0.10411
619.05,-0.00112,619.05,0.10408
619.1,-0.00112,619.1,0.10404
619.15,-0.00113,619.15,0.10395
619.2,-0.00113,619.2,0.10391
619.25,-0.00113,619.25,0.10365
619.3,-0.00113,619.3,0.10345
619.35,-0.00113,619.35,0.10331
619.4,-0.00112,619.4,0.10312
619.45,-0.00112,619.45,0.1029
619.5,-0.00112,619.5,0.10278
619.55,-0.00112,619.55,0.10272
619.6,-0.00112,619.6,0.10246
619.65,-0.00112,619.65,0.10225
619.7,-0.00112,619.7,0.1022
619.75,-0.00112,619.75,0.10204
619.8,-0.00113,619.8,0.10183
619.85,-0.00113,619.85,0.10168
619.9,-0.00114,619.9,0.1016
619.95,-0.00114,619.95,0.10144
620,-0.00115,620,0.10147
